SET DEFINE OFF

--- Importing into Applicant

INSERT INTO MAZ18012.APPLICANT (APPLICANT_ID, APPLICANT_FIRST_NAME, APPLICANT_LAST_NAME, APPLICANT_EMAIL, APPLICANT_PHONE_NUMBER) 
VALUES (30001, 'Murat', 'Alvarado', 'Murat.Alvarado@gmail.com', '860-135-4880');

INSERT INTO MAZ18012.APPLICANT (APPLICANT_ID, APPLICANT_FIRST_NAME, APPLICANT_LAST_NAME, APPLICANT_EMAIL, APPLICANT_PHONE_NUMBER) 
VALUES (30002, 'Jonas', 'West', 'Jonas.West@gmail.com', '860-930-6688');

INSERT INTO MAZ18012.APPLICANT (APPLICANT_ID, APPLICANT_FIRST_NAME, APPLICANT_LAST_NAME, APPLICANT_EMAIL, APPLICANT_PHONE_NUMBER) 
VALUES (30003, 'Louise', 'Coles', 'Louise.Coles@gmail.com', '860-502-7912');

INSERT INTO MAZ18012.APPLICANT (APPLICANT_ID, APPLICANT_FIRST_NAME, APPLICANT_LAST_NAME, APPLICANT_EMAIL, APPLICANT_PHONE_NUMBER) 
VALUES (30004, 'Scarlett', 'Mccullough', 'Scarlett.Mccullough@gmail.com', '860-578-2281');

INSERT INTO MAZ18012.APPLICANT (APPLICANT_ID, APPLICANT_FIRST_NAME, APPLICANT_LAST_NAME, APPLICANT_EMAIL, APPLICANT_PHONE_NUMBER) 
VALUES (30005, 'Ceara', 'Romero', 'Ceara.Romero@gmail.com', '860-178-8793');

INSERT INTO MAZ18012.APPLICANT (APPLICANT_ID, APPLICANT_FIRST_NAME, APPLICANT_LAST_NAME, APPLICANT_EMAIL, APPLICANT_PHONE_NUMBER) 
VALUES (30006, 'Katlyn', 'Lowery', 'Katlyn.Lowery@gmail.com', '860-407-4284');

INSERT INTO MAZ18012.APPLICANT (APPLICANT_ID, APPLICANT_FIRST_NAME, APPLICANT_LAST_NAME, APPLICANT_EMAIL, APPLICANT_PHONE_NUMBER) 
VALUES (30007, 'Beyonce', 'Butler', 'Beyonce.Butler@gmail.com', '860-786-4283');

INSERT INTO MAZ18012.APPLICANT (APPLICANT_ID, APPLICANT_FIRST_NAME, APPLICANT_LAST_NAME, APPLICANT_EMAIL, APPLICANT_PHONE_NUMBER) 
VALUES (30008, 'Yasmine', 'Spears', 'Yasmine.Spears@gmail.com', '860-277-6609');

INSERT INTO MAZ18012.APPLICANT (APPLICANT_ID, APPLICANT_FIRST_NAME, APPLICANT_LAST_NAME, APPLICANT_EMAIL, APPLICANT_PHONE_NUMBER) 
VALUES (30009, 'Zhane', 'Ramirez', 'Zhane.Ramirez@gmail.com', '860-114-2327');

INSERT INTO MAZ18012.APPLICANT (APPLICANT_ID, APPLICANT_FIRST_NAME, APPLICANT_LAST_NAME, APPLICANT_EMAIL, APPLICANT_PHONE_NUMBER) 
VALUES (30010, 'Maude', 'Dalby', 'Maude.Dalby@gmail.com', '860-583-3940');

INSERT INTO MAZ18012.APPLICANT (APPLICANT_ID, APPLICANT_FIRST_NAME, APPLICANT_LAST_NAME, APPLICANT_EMAIL, APPLICANT_PHONE_NUMBER) 
VALUES (30011, 'Kristen', 'Trevino', 'Kristen.Trevino@gmail.com', '860-142-6933');

INSERT INTO MAZ18012.APPLICANT (APPLICANT_ID, APPLICANT_FIRST_NAME, APPLICANT_LAST_NAME, APPLICANT_EMAIL, APPLICANT_PHONE_NUMBER) 
VALUES (30012, 'Caspar', 'Haley', 'Caspar.Haley@gmail.com', '860-986-2027');

INSERT INTO MAZ18012.APPLICANT (APPLICANT_ID, APPLICANT_FIRST_NAME, APPLICANT_LAST_NAME, APPLICANT_EMAIL, APPLICANT_PHONE_NUMBER) 
VALUES (30013, 'Onur', 'Mackie', 'Onur.Mackie@gmail.com', '860-518-6672');

INSERT INTO MAZ18012.APPLICANT (APPLICANT_ID, APPLICANT_FIRST_NAME, APPLICANT_LAST_NAME, APPLICANT_EMAIL, APPLICANT_PHONE_NUMBER) 
VALUES (30014, 'Buddy', 'Rees', 'Buddy.Rees@gmail.com', '860-417-5675');

INSERT INTO MAZ18012.APPLICANT (APPLICANT_ID, APPLICANT_FIRST_NAME, APPLICANT_LAST_NAME, APPLICANT_EMAIL, APPLICANT_PHONE_NUMBER) 
VALUES (30015, 'Raja', 'Cottrell', 'Raja.Cottrell@gmail.com', '860-657-3379');

INSERT INTO MAZ18012.APPLICANT (APPLICANT_ID, APPLICANT_FIRST_NAME, APPLICANT_LAST_NAME, APPLICANT_EMAIL, APPLICANT_PHONE_NUMBER) 
VALUES (30016, 'Aamna', 'Pena', 'Aamna.Pena@gmail.com', '860-233-3131');

INSERT INTO MAZ18012.APPLICANT (APPLICANT_ID, APPLICANT_FIRST_NAME, APPLICANT_LAST_NAME, APPLICANT_EMAIL, APPLICANT_PHONE_NUMBER) 
VALUES (30017, 'Giacomo', 'Brooks', 'Giacomo.Brooks@gmail.com', '860-607-5690');

INSERT INTO MAZ18012.APPLICANT (APPLICANT_ID, APPLICANT_FIRST_NAME, APPLICANT_LAST_NAME, APPLICANT_EMAIL, APPLICANT_PHONE_NUMBER) 
VALUES (30018, 'Dillan', 'Bain', 'Dillan.Bain@gmail.com', '860-805-3899');

INSERT INTO MAZ18012.APPLICANT (APPLICANT_ID, APPLICANT_FIRST_NAME, APPLICANT_LAST_NAME, APPLICANT_EMAIL, APPLICANT_PHONE_NUMBER) 
VALUES (30019, 'Jamie-Lee', 'Lovell', 'Jamie-Lee.Lovell@gmail.com', '860-846-3979');

INSERT INTO MAZ18012.APPLICANT (APPLICANT_ID, APPLICANT_FIRST_NAME, APPLICANT_LAST_NAME, APPLICANT_EMAIL, APPLICANT_PHONE_NUMBER) 
VALUES (30020, 'Ayyan', 'Espinosa', 'Ayyan.Espinosa@gmail.com', '860-243-1814');

INSERT INTO MAZ18012.APPLICANT (APPLICANT_ID, APPLICANT_FIRST_NAME, APPLICANT_LAST_NAME, APPLICANT_EMAIL, APPLICANT_PHONE_NUMBER) 
VALUES (30021, 'Aurora', 'Hanna', 'Aurora.Hanna@gmail.com', '860-349-5118');

INSERT INTO MAZ18012.APPLICANT (APPLICANT_ID, APPLICANT_FIRST_NAME, APPLICANT_LAST_NAME, APPLICANT_EMAIL, APPLICANT_PHONE_NUMBER) 
VALUES (30022, 'Gordon', 'Mccarty', 'Gordon.Mccarty@gmail.com', '860-269-1353');

INSERT INTO MAZ18012.APPLICANT (APPLICANT_ID, APPLICANT_FIRST_NAME, APPLICANT_LAST_NAME, APPLICANT_EMAIL, APPLICANT_PHONE_NUMBER) 
VALUES (30023, 'Leia', 'Irving', 'Leia.Irving@gmail.com', '860-337-3221');

INSERT INTO MAZ18012.APPLICANT (APPLICANT_ID, APPLICANT_FIRST_NAME, APPLICANT_LAST_NAME, APPLICANT_EMAIL, APPLICANT_PHONE_NUMBER) 
VALUES (30024, 'Kellie', 'Vincent', 'Kellie.Vincent@gmail.com', '860-229-8780');

INSERT INTO MAZ18012.APPLICANT (APPLICANT_ID, APPLICANT_FIRST_NAME, APPLICANT_LAST_NAME, APPLICANT_EMAIL, APPLICANT_PHONE_NUMBER) 
VALUES (30025, 'Patience', 'Freeman', 'Patience.Freeman@gmail.com', '860-304-7219');

INSERT INTO MAZ18012.APPLICANT (APPLICANT_ID, APPLICANT_FIRST_NAME, APPLICANT_LAST_NAME, APPLICANT_EMAIL, APPLICANT_PHONE_NUMBER) 
VALUES (30026, 'Bjorn', 'Salgado', 'Bjorn.Salgado@gmail.com', '860-460-5671');

INSERT INTO MAZ18012.APPLICANT (APPLICANT_ID, APPLICANT_FIRST_NAME, APPLICANT_LAST_NAME, APPLICANT_EMAIL, APPLICANT_PHONE_NUMBER) 
VALUES (30027, 'Elora', 'Holding', 'Elora.Holding@gmail.com', '860-636-1660');

INSERT INTO MAZ18012.APPLICANT (APPLICANT_ID, APPLICANT_FIRST_NAME, APPLICANT_LAST_NAME, APPLICANT_EMAIL, APPLICANT_PHONE_NUMBER) 
VALUES (30028, 'Zunaira', 'Fleming', 'Zunaira.Fleming@gmail.com', '860-346-3800');

INSERT INTO MAZ18012.APPLICANT (APPLICANT_ID, APPLICANT_FIRST_NAME, APPLICANT_LAST_NAME, APPLICANT_EMAIL, APPLICANT_PHONE_NUMBER) 
VALUES (30029, 'Fraya', 'Webster', 'Fraya.Webster@gmail.com', '860-657-9604');

INSERT INTO MAZ18012.APPLICANT (APPLICANT_ID, APPLICANT_FIRST_NAME, APPLICANT_LAST_NAME, APPLICANT_EMAIL, APPLICANT_PHONE_NUMBER) 
VALUES (30030, 'Lily-Ann', 'Reed', 'Lily-Ann.Reed@gmail.com', '860-248-3129');

INSERT INTO MAZ18012.APPLICANT (APPLICANT_ID, APPLICANT_FIRST_NAME, APPLICANT_LAST_NAME, APPLICANT_EMAIL, APPLICANT_PHONE_NUMBER) 
VALUES (30031, 'Rylee', 'Mullins', 'Rylee.Mullins@gmail.com', '860-370-4879');

INSERT INTO MAZ18012.APPLICANT (APPLICANT_ID, APPLICANT_FIRST_NAME, APPLICANT_LAST_NAME, APPLICANT_EMAIL, APPLICANT_PHONE_NUMBER) 
VALUES (30032, 'Hadi', 'Cain', 'Hadi.Cain@gmail.com', '860-245-1898');

INSERT INTO MAZ18012.APPLICANT (APPLICANT_ID, APPLICANT_FIRST_NAME, APPLICANT_LAST_NAME, APPLICANT_EMAIL, APPLICANT_PHONE_NUMBER) 
VALUES (30033, 'Eren', 'Arnold', 'Eren.Arnold@gmail.com', '860-215-4225');

INSERT INTO MAZ18012.APPLICANT (APPLICANT_ID, APPLICANT_FIRST_NAME, APPLICANT_LAST_NAME, APPLICANT_EMAIL, APPLICANT_PHONE_NUMBER) 
VALUES (30034, 'Lori', 'Bevan', 'Lori.Bevan@gmail.com', '860-605-5376');

INSERT INTO MAZ18012.APPLICANT (APPLICANT_ID, APPLICANT_FIRST_NAME, APPLICANT_LAST_NAME, APPLICANT_EMAIL, APPLICANT_PHONE_NUMBER) 
VALUES (30035, 'Hamid', 'Bowden', 'Hamid.Bowden@gmail.com', '860-757-8071');

INSERT INTO MAZ18012.APPLICANT (APPLICANT_ID, APPLICANT_FIRST_NAME, APPLICANT_LAST_NAME, APPLICANT_EMAIL, APPLICANT_PHONE_NUMBER) 
VALUES (30036, 'Norman', 'Hatfield', 'Norman.Hatfield@gmail.com', '860-594-3895');

INSERT INTO MAZ18012.APPLICANT (APPLICANT_ID, APPLICANT_FIRST_NAME, APPLICANT_LAST_NAME, APPLICANT_EMAIL, APPLICANT_PHONE_NUMBER) 
VALUES (30037, 'Kajol', 'Kearns', 'Kajol.Kearns@gmail.com', '860-863-8766');

INSERT INTO MAZ18012.APPLICANT (APPLICANT_ID, APPLICANT_FIRST_NAME, APPLICANT_LAST_NAME, APPLICANT_EMAIL, APPLICANT_PHONE_NUMBER) 
VALUES (30038, 'Arissa', 'Schneider', 'Arissa.Schneider@gmail.com', '860-421-6197');

INSERT INTO MAZ18012.APPLICANT (APPLICANT_ID, APPLICANT_FIRST_NAME, APPLICANT_LAST_NAME, APPLICANT_EMAIL, APPLICANT_PHONE_NUMBER) 
VALUES (30039, 'Jamie-Leigh', 'Estes', 'Jamie-Leigh.Estes@gmail.com', '860-367-4110');

INSERT INTO MAZ18012.APPLICANT (APPLICANT_ID, APPLICANT_FIRST_NAME, APPLICANT_LAST_NAME, APPLICANT_EMAIL, APPLICANT_PHONE_NUMBER) 
VALUES (30040, 'Kane', 'Ray', 'Kane.Ray@gmail.com', '860-877-6963');

INSERT INTO MAZ18012.APPLICANT (APPLICANT_ID, APPLICANT_FIRST_NAME, APPLICANT_LAST_NAME, APPLICANT_EMAIL, APPLICANT_PHONE_NUMBER) 
VALUES (30041, 'Sue', 'Sullivan', 'Sue.Sullivan@gmail.com', '860-722-2926');

INSERT INTO MAZ18012.APPLICANT (APPLICANT_ID, APPLICANT_FIRST_NAME, APPLICANT_LAST_NAME, APPLICANT_EMAIL, APPLICANT_PHONE_NUMBER) 
VALUES (30042, 'Haseeb', 'Khan', 'Haseeb.Khan@gmail.com', '860-508-2614');

INSERT INTO MAZ18012.APPLICANT (APPLICANT_ID, APPLICANT_FIRST_NAME, APPLICANT_LAST_NAME, APPLICANT_EMAIL, APPLICANT_PHONE_NUMBER) 
VALUES (30043, 'Chiara', 'Vance', 'Chiara.Vance@gmail.com', '860-758-1237');

INSERT INTO MAZ18012.APPLICANT (APPLICANT_ID, APPLICANT_FIRST_NAME, APPLICANT_LAST_NAME, APPLICANT_EMAIL, APPLICANT_PHONE_NUMBER) 
VALUES (30044, 'Faith', 'Delaney', 'Faith.Delaney@gmail.com', '860-476-1157');

INSERT INTO MAZ18012.APPLICANT (APPLICANT_ID, APPLICANT_FIRST_NAME, APPLICANT_LAST_NAME, APPLICANT_EMAIL, APPLICANT_PHONE_NUMBER) 
VALUES (30045, 'Hadiya', 'Mcfarlane', 'Hadiya.Mcfarlane@gmail.com', '860-847-4342');

INSERT INTO MAZ18012.APPLICANT (APPLICANT_ID, APPLICANT_FIRST_NAME, APPLICANT_LAST_NAME, APPLICANT_EMAIL, APPLICANT_PHONE_NUMBER) 
VALUES (30046, 'Whitney', 'Hampton', 'Whitney.Hampton@gmail.com', '860-875-2865');

INSERT INTO MAZ18012.APPLICANT (APPLICANT_ID, APPLICANT_FIRST_NAME, APPLICANT_LAST_NAME, APPLICANT_EMAIL, APPLICANT_PHONE_NUMBER) 
VALUES (30047, 'Chantal', 'Cline', 'Chantal.Cline@gmail.com', '860-704-2706');

INSERT INTO MAZ18012.APPLICANT (APPLICANT_ID, APPLICANT_FIRST_NAME, APPLICANT_LAST_NAME, APPLICANT_EMAIL, APPLICANT_PHONE_NUMBER) 
VALUES (30048, 'Aditi', 'Vargas', 'Aditi.Vargas@gmail.com', '860-391-6052');

INSERT INTO MAZ18012.APPLICANT (APPLICANT_ID, APPLICANT_FIRST_NAME, APPLICANT_LAST_NAME, APPLICANT_EMAIL, APPLICANT_PHONE_NUMBER) 
VALUES (30049, 'Mohsin', 'Kirby', 'Mohsin.Kirby@gmail.com', '860-151-8117');

INSERT INTO MAZ18012.APPLICANT (APPLICANT_ID, APPLICANT_FIRST_NAME, APPLICANT_LAST_NAME, APPLICANT_EMAIL, APPLICANT_PHONE_NUMBER) 
VALUES (30050, 'Eliot', 'Daniel', 'Eliot.Daniel@gmail.com', '860-881-9076');

INSERT INTO MAZ18012.APPLICANT (APPLICANT_ID, APPLICANT_FIRST_NAME, APPLICANT_LAST_NAME, APPLICANT_EMAIL, APPLICANT_PHONE_NUMBER) 
VALUES (30051, 'Ebrahim', 'Jones', 'Ebrahim.Jones@gmail.com', '860-166-2011');

INSERT INTO MAZ18012.APPLICANT (APPLICANT_ID, APPLICANT_FIRST_NAME, APPLICANT_LAST_NAME, APPLICANT_EMAIL, APPLICANT_PHONE_NUMBER) 
VALUES (30052, 'Boris', 'Giles', 'Boris.Giles@gmail.com', '860-459-5953');

INSERT INTO MAZ18012.APPLICANT (APPLICANT_ID, APPLICANT_FIRST_NAME, APPLICANT_LAST_NAME, APPLICANT_EMAIL, APPLICANT_PHONE_NUMBER) 
VALUES (30053, 'Tobias', 'Rivas', 'Tobias.Rivas@gmail.com', '860-246-2210');

INSERT INTO MAZ18012.APPLICANT (APPLICANT_ID, APPLICANT_FIRST_NAME, APPLICANT_LAST_NAME, APPLICANT_EMAIL, APPLICANT_PHONE_NUMBER) 
VALUES (30054, 'Katherine', 'Fellows', 'Katherine.Fellows@gmail.com', '860-406-9668');

INSERT INTO MAZ18012.APPLICANT (APPLICANT_ID, APPLICANT_FIRST_NAME, APPLICANT_LAST_NAME, APPLICANT_EMAIL, APPLICANT_PHONE_NUMBER) 
VALUES (30055, 'Luka', 'Martins', 'Luka.Martins@gmail.com', '860-242-4565');

INSERT INTO MAZ18012.APPLICANT (APPLICANT_ID, APPLICANT_FIRST_NAME, APPLICANT_LAST_NAME, APPLICANT_EMAIL, APPLICANT_PHONE_NUMBER) 
VALUES (30056, 'Vijay', 'Cardenas', 'Vijay.Cardenas@gmail.com', '860-686-4326');

INSERT INTO MAZ18012.APPLICANT (APPLICANT_ID, APPLICANT_FIRST_NAME, APPLICANT_LAST_NAME, APPLICANT_EMAIL, APPLICANT_PHONE_NUMBER) 
VALUES (30057, 'Kristi', 'Wong', 'Kristi.Wong@gmail.com', '860-746-3178');

INSERT INTO MAZ18012.APPLICANT (APPLICANT_ID, APPLICANT_FIRST_NAME, APPLICANT_LAST_NAME, APPLICANT_EMAIL, APPLICANT_PHONE_NUMBER) 
VALUES (30058, 'Jacob', 'Mcguire', 'Jacob.Mcguire@gmail.com', '860-385-9797');

INSERT INTO MAZ18012.APPLICANT (APPLICANT_ID, APPLICANT_FIRST_NAME, APPLICANT_LAST_NAME, APPLICANT_EMAIL, APPLICANT_PHONE_NUMBER) 
VALUES (30059, 'Morwenna', 'Vang', 'Morwenna.Vang@gmail.com', '860-920-7926');

INSERT INTO MAZ18012.APPLICANT (APPLICANT_ID, APPLICANT_FIRST_NAME, APPLICANT_LAST_NAME, APPLICANT_EMAIL, APPLICANT_PHONE_NUMBER) 
VALUES (30060, 'Yvette', 'Herrera', 'Yvette.Herrera@gmail.com', '860-189-6389');

INSERT INTO MAZ18012.APPLICANT (APPLICANT_ID, APPLICANT_FIRST_NAME, APPLICANT_LAST_NAME, APPLICANT_EMAIL, APPLICANT_PHONE_NUMBER) 
VALUES (30061, 'George', 'Salas', 'George.Salas@gmail.com', '860-858-4988');

INSERT INTO MAZ18012.APPLICANT (APPLICANT_ID, APPLICANT_FIRST_NAME, APPLICANT_LAST_NAME, APPLICANT_EMAIL, APPLICANT_PHONE_NUMBER) 
VALUES (30062, 'Carwyn', 'Chen', 'Carwyn.Chen@gmail.com', '860-402-4389');

INSERT INTO MAZ18012.APPLICANT (APPLICANT_ID, APPLICANT_FIRST_NAME, APPLICANT_LAST_NAME, APPLICANT_EMAIL, APPLICANT_PHONE_NUMBER) 
VALUES (30063, 'Lucille', 'Bradley', 'Lucille.Bradley@gmail.com', '860-423-9957');

INSERT INTO MAZ18012.APPLICANT (APPLICANT_ID, APPLICANT_FIRST_NAME, APPLICANT_LAST_NAME, APPLICANT_EMAIL, APPLICANT_PHONE_NUMBER) 
VALUES (30064, 'Amber', 'Ellis', 'Amber.Ellis@gmail.com', '860-113-2035');

INSERT INTO MAZ18012.APPLICANT (APPLICANT_ID, APPLICANT_FIRST_NAME, APPLICANT_LAST_NAME, APPLICANT_EMAIL, APPLICANT_PHONE_NUMBER) 
VALUES (30065, 'Humzah', 'Bullock', 'Humzah.Bullock@gmail.com', '860-870-5913');

INSERT INTO MAZ18012.APPLICANT (APPLICANT_ID, APPLICANT_FIRST_NAME, APPLICANT_LAST_NAME, APPLICANT_EMAIL, APPLICANT_PHONE_NUMBER) 
VALUES (30066, 'Charli', 'Kerr', 'Charli.Kerr@gmail.com', '860-246-7558');

INSERT INTO MAZ18012.APPLICANT (APPLICANT_ID, APPLICANT_FIRST_NAME, APPLICANT_LAST_NAME, APPLICANT_EMAIL, APPLICANT_PHONE_NUMBER) 
VALUES (30067, 'Maeve', 'Allison', 'Maeve.Allison@gmail.com', '860-196-8509');

INSERT INTO MAZ18012.APPLICANT (APPLICANT_ID, APPLICANT_FIRST_NAME, APPLICANT_LAST_NAME, APPLICANT_EMAIL, APPLICANT_PHONE_NUMBER) 
VALUES (30068, 'Eshan', 'Hill', 'Eshan.Hill@gmail.com', '860-882-5512');

INSERT INTO MAZ18012.APPLICANT (APPLICANT_ID, APPLICANT_FIRST_NAME, APPLICANT_LAST_NAME, APPLICANT_EMAIL, APPLICANT_PHONE_NUMBER) 
VALUES (30069, 'Yasin', 'Ratcliffe', 'Yasin.Ratcliffe@gmail.com', '860-904-1731');

INSERT INTO MAZ18012.APPLICANT (APPLICANT_ID, APPLICANT_FIRST_NAME, APPLICANT_LAST_NAME, APPLICANT_EMAIL, APPLICANT_PHONE_NUMBER) 
VALUES (30070, 'Zac', 'Fletcher', 'Zac.Fletcher@gmail.com', '860-860-2467');

INSERT INTO MAZ18012.APPLICANT (APPLICANT_ID, APPLICANT_FIRST_NAME, APPLICANT_LAST_NAME, APPLICANT_EMAIL, APPLICANT_PHONE_NUMBER) 
VALUES (30071, 'Cai', 'Rivers', 'Cai.Rivers@gmail.com', '860-896-3507');

INSERT INTO MAZ18012.APPLICANT (APPLICANT_ID, APPLICANT_FIRST_NAME, APPLICANT_LAST_NAME, APPLICANT_EMAIL, APPLICANT_PHONE_NUMBER) 
VALUES (30072, 'Luna', 'Harrington', 'Luna.Harrington@gmail.com', '860-589-3540');

INSERT INTO MAZ18012.APPLICANT (APPLICANT_ID, APPLICANT_FIRST_NAME, APPLICANT_LAST_NAME, APPLICANT_EMAIL, APPLICANT_PHONE_NUMBER) 
VALUES (30073, 'Yusra', 'Oneal', 'Yusra.Oneal@gmail.com', '860-894-6722');

INSERT INTO MAZ18012.APPLICANT (APPLICANT_ID, APPLICANT_FIRST_NAME, APPLICANT_LAST_NAME, APPLICANT_EMAIL, APPLICANT_PHONE_NUMBER) 
VALUES (30074, 'Shola', 'Perez', 'Shola.Perez@gmail.com', '860-344-1929');

INSERT INTO MAZ18012.APPLICANT (APPLICANT_ID, APPLICANT_FIRST_NAME, APPLICANT_LAST_NAME, APPLICANT_EMAIL, APPLICANT_PHONE_NUMBER) 
VALUES (30075, 'Aalia', 'Ayers', 'Aalia.Ayers@gmail.com', '860-180-5550');

INSERT INTO MAZ18012.APPLICANT (APPLICANT_ID, APPLICANT_FIRST_NAME, APPLICANT_LAST_NAME, APPLICANT_EMAIL, APPLICANT_PHONE_NUMBER) 
VALUES (30076, 'Donald', 'Simon', 'Donald.Simon@gmail.com', '860-639-7783');

INSERT INTO MAZ18012.APPLICANT (APPLICANT_ID, APPLICANT_FIRST_NAME, APPLICANT_LAST_NAME, APPLICANT_EMAIL, APPLICANT_PHONE_NUMBER) 
VALUES (30077, 'Samirah', 'Medrano', 'Samirah.Medrano@gmail.com', '860-509-4206');

INSERT INTO MAZ18012.APPLICANT (APPLICANT_ID, APPLICANT_FIRST_NAME, APPLICANT_LAST_NAME, APPLICANT_EMAIL, APPLICANT_PHONE_NUMBER) 
VALUES (30078, 'Aimie', 'Choi', 'Aimie.Choi@gmail.com', '860-701-7297');

INSERT INTO MAZ18012.APPLICANT (APPLICANT_ID, APPLICANT_FIRST_NAME, APPLICANT_LAST_NAME, APPLICANT_EMAIL, APPLICANT_PHONE_NUMBER) 
VALUES (30079, 'Yousif', 'Anthony', 'Yousif.Anthony@gmail.com', '860-601-3376');

INSERT INTO MAZ18012.APPLICANT (APPLICANT_ID, APPLICANT_FIRST_NAME, APPLICANT_LAST_NAME, APPLICANT_EMAIL, APPLICANT_PHONE_NUMBER) 
VALUES (30080, 'Daanish', 'Mcintyre', 'Daanish.Mcintyre@gmail.com', '860-684-4858');

INSERT INTO MAZ18012.APPLICANT (APPLICANT_ID, APPLICANT_FIRST_NAME, APPLICANT_LAST_NAME, APPLICANT_EMAIL, APPLICANT_PHONE_NUMBER) 
VALUES (30081, 'Haydn', 'Sumner', 'Haydn.Sumner@gmail.com', '860-726-9599');

INSERT INTO MAZ18012.APPLICANT (APPLICANT_ID, APPLICANT_FIRST_NAME, APPLICANT_LAST_NAME, APPLICANT_EMAIL, APPLICANT_PHONE_NUMBER) 
VALUES (30082, 'Kenzo', 'Beck', 'Kenzo.Beck@gmail.com', '860-717-6453');

INSERT INTO MAZ18012.APPLICANT (APPLICANT_ID, APPLICANT_FIRST_NAME, APPLICANT_LAST_NAME, APPLICANT_EMAIL, APPLICANT_PHONE_NUMBER) 
VALUES (30083, 'Iman', 'Dawe', 'Iman.Dawe@gmail.com', '860-146-6826');

INSERT INTO MAZ18012.APPLICANT (APPLICANT_ID, APPLICANT_FIRST_NAME, APPLICANT_LAST_NAME, APPLICANT_EMAIL, APPLICANT_PHONE_NUMBER) 
VALUES (30084, 'Danni', 'Fisher', 'Danni.Fisher@gmail.com', '860-248-4311');

INSERT INTO MAZ18012.APPLICANT (APPLICANT_ID, APPLICANT_FIRST_NAME, APPLICANT_LAST_NAME, APPLICANT_EMAIL, APPLICANT_PHONE_NUMBER) 
VALUES (30085, 'Siya', 'Daugherty', 'Siya.Daugherty@gmail.com', '860-836-8241');

INSERT INTO MAZ18012.APPLICANT (APPLICANT_ID, APPLICANT_FIRST_NAME, APPLICANT_LAST_NAME, APPLICANT_EMAIL, APPLICANT_PHONE_NUMBER) 
VALUES (30086, 'Oriana', 'Torres', 'Oriana.Torres@gmail.com', '860-131-9931');

INSERT INTO MAZ18012.APPLICANT (APPLICANT_ID, APPLICANT_FIRST_NAME, APPLICANT_LAST_NAME, APPLICANT_EMAIL, APPLICANT_PHONE_NUMBER) 
VALUES (30087, 'Kellan', 'Shaw', 'Kellan.Shaw@gmail.com', '860-294-5152');

INSERT INTO MAZ18012.APPLICANT (APPLICANT_ID, APPLICANT_FIRST_NAME, APPLICANT_LAST_NAME, APPLICANT_EMAIL, APPLICANT_PHONE_NUMBER) 
VALUES (30088, 'Balraj', 'Rosario', 'Balraj.Rosario@gmail.com', '860-295-9221');

INSERT INTO MAZ18012.APPLICANT (APPLICANT_ID, APPLICANT_FIRST_NAME, APPLICANT_LAST_NAME, APPLICANT_EMAIL, APPLICANT_PHONE_NUMBER) 
VALUES (30089, 'Clodagh', 'Head', 'Clodagh.Head@gmail.com', '860-220-9467');

INSERT INTO MAZ18012.APPLICANT (APPLICANT_ID, APPLICANT_FIRST_NAME, APPLICANT_LAST_NAME, APPLICANT_EMAIL, APPLICANT_PHONE_NUMBER) 
VALUES (30090, 'Sommer', 'Whyte', 'Sommer.Whyte@gmail.com', '860-834-9487');

INSERT INTO MAZ18012.APPLICANT (APPLICANT_ID, APPLICANT_FIRST_NAME, APPLICANT_LAST_NAME, APPLICANT_EMAIL, APPLICANT_PHONE_NUMBER) 
VALUES (30091, 'Eadie', 'Barlow', 'Eadie.Barlow@gmail.com', '860-975-6789');

INSERT INTO MAZ18012.APPLICANT (APPLICANT_ID, APPLICANT_FIRST_NAME, APPLICANT_LAST_NAME, APPLICANT_EMAIL, APPLICANT_PHONE_NUMBER) 
VALUES (30092, 'Ezra', 'Jeffery', 'Ezra.Jeffery@gmail.com', '860-109-6371');

INSERT INTO MAZ18012.APPLICANT (APPLICANT_ID, APPLICANT_FIRST_NAME, APPLICANT_LAST_NAME, APPLICANT_EMAIL, APPLICANT_PHONE_NUMBER) 
VALUES (30093, 'Sultan', 'O''Moore', 'Sultan.O''Moore@gmail.com', '860-940-1672');

INSERT INTO MAZ18012.APPLICANT (APPLICANT_ID, APPLICANT_FIRST_NAME, APPLICANT_LAST_NAME, APPLICANT_EMAIL, APPLICANT_PHONE_NUMBER) 
VALUES (30094, 'Helen', 'Legge', 'Helen.Legge@gmail.com', '860-988-6670');

INSERT INTO MAZ18012.APPLICANT (APPLICANT_ID, APPLICANT_FIRST_NAME, APPLICANT_LAST_NAME, APPLICANT_EMAIL, APPLICANT_PHONE_NUMBER) 
VALUES (30095, 'Aasiyah', 'Salazar', 'Aasiyah.Salazar@gmail.com', '860-637-4955');

INSERT INTO MAZ18012.APPLICANT (APPLICANT_ID, APPLICANT_FIRST_NAME, APPLICANT_LAST_NAME, APPLICANT_EMAIL, APPLICANT_PHONE_NUMBER) 
VALUES (30096, 'Mario', 'Thomson', 'Mario.Thomson@gmail.com', '860-286-3160');

INSERT INTO MAZ18012.APPLICANT (APPLICANT_ID, APPLICANT_FIRST_NAME, APPLICANT_LAST_NAME, APPLICANT_EMAIL, APPLICANT_PHONE_NUMBER) 
VALUES (30097, 'Emmanuel', 'Andrew', 'Emmanuel.Andrew@gmail.com', '860-229-9350');

INSERT INTO MAZ18012.APPLICANT (APPLICANT_ID, APPLICANT_FIRST_NAME, APPLICANT_LAST_NAME, APPLICANT_EMAIL, APPLICANT_PHONE_NUMBER) 
VALUES (30098, 'Rosemarie', 'Markham', 'Rosemarie.Markham@gmail.com', '860-682-9173');

INSERT INTO MAZ18012.APPLICANT (APPLICANT_ID, APPLICANT_FIRST_NAME, APPLICANT_LAST_NAME, APPLICANT_EMAIL, APPLICANT_PHONE_NUMBER) 
VALUES (30099, 'Ellie-Rose', 'Tomlinson', 'Ellie-Rose.Tomlinson@gmail.com', '860-982-3698');

INSERT INTO MAZ18012.APPLICANT (APPLICANT_ID, APPLICANT_FIRST_NAME, APPLICANT_LAST_NAME, APPLICANT_EMAIL, APPLICANT_PHONE_NUMBER) 
VALUES (30100, 'Nabiha', 'Xiong', 'Nabiha.Xiong@gmail.com', '860-445-5675');

INSERT INTO MAZ18012.APPLICANT (APPLICANT_ID, APPLICANT_FIRST_NAME, APPLICANT_LAST_NAME, APPLICANT_EMAIL, APPLICANT_PHONE_NUMBER) 
VALUES (30101, 'Derrick', 'O''Sullivan', 'Derrick.O''Sullivan@gmail.com', '860-875-5356');

INSERT INTO MAZ18012.APPLICANT (APPLICANT_ID, APPLICANT_FIRST_NAME, APPLICANT_LAST_NAME, APPLICANT_EMAIL, APPLICANT_PHONE_NUMBER) 
VALUES (30102, 'Gabija', 'Appleton', 'Gabija.Appleton@gmail.com', '860-134-3051');

INSERT INTO MAZ18012.APPLICANT (APPLICANT_ID, APPLICANT_FIRST_NAME, APPLICANT_LAST_NAME, APPLICANT_EMAIL, APPLICANT_PHONE_NUMBER) 
VALUES (30103, 'Mared', 'Partridge', 'Mared.Partridge@gmail.com', '860-810-7235');

INSERT INTO MAZ18012.APPLICANT (APPLICANT_ID, APPLICANT_FIRST_NAME, APPLICANT_LAST_NAME, APPLICANT_EMAIL, APPLICANT_PHONE_NUMBER) 
VALUES (30104, 'Willis', 'Robins', 'Willis.Robins@gmail.com', '860-230-5607');

INSERT INTO MAZ18012.APPLICANT (APPLICANT_ID, APPLICANT_FIRST_NAME, APPLICANT_LAST_NAME, APPLICANT_EMAIL, APPLICANT_PHONE_NUMBER) 
VALUES (30105, 'Coen', 'Draper', 'Coen.Draper@gmail.com', '860-235-9865');

INSERT INTO MAZ18012.APPLICANT (APPLICANT_ID, APPLICANT_FIRST_NAME, APPLICANT_LAST_NAME, APPLICANT_EMAIL, APPLICANT_PHONE_NUMBER) 
VALUES (30106, 'Mahnoor', 'Stevens', 'Mahnoor.Stevens@gmail.com', '860-528-1063');

INSERT INTO MAZ18012.APPLICANT (APPLICANT_ID, APPLICANT_FIRST_NAME, APPLICANT_LAST_NAME, APPLICANT_EMAIL, APPLICANT_PHONE_NUMBER) 
VALUES (30107, 'Abby', 'Emery', 'Abby.Emery@gmail.com', '860-583-3723');

INSERT INTO MAZ18012.APPLICANT (APPLICANT_ID, APPLICANT_FIRST_NAME, APPLICANT_LAST_NAME, APPLICANT_EMAIL, APPLICANT_PHONE_NUMBER) 
VALUES (30108, 'Afsana', 'Erickson', 'Afsana.Erickson@gmail.com', '860-738-9928');

INSERT INTO MAZ18012.APPLICANT (APPLICANT_ID, APPLICANT_FIRST_NAME, APPLICANT_LAST_NAME, APPLICANT_EMAIL, APPLICANT_PHONE_NUMBER) 
VALUES (30109, 'Ho', 'Cairns', 'Ho.Cairns@gmail.com', '860-718-7777');

INSERT INTO MAZ18012.APPLICANT (APPLICANT_ID, APPLICANT_FIRST_NAME, APPLICANT_LAST_NAME, APPLICANT_EMAIL, APPLICANT_PHONE_NUMBER) 
VALUES (30110, 'Roan', 'Burrows', 'Roan.Burrows@gmail.com', '860-641-8730');

INSERT INTO MAZ18012.APPLICANT (APPLICANT_ID, APPLICANT_FIRST_NAME, APPLICANT_LAST_NAME, APPLICANT_EMAIL, APPLICANT_PHONE_NUMBER) 
VALUES (30111, 'Malak', 'Allan', 'Malak.Allan@gmail.com', '860-804-3794');

INSERT INTO MAZ18012.APPLICANT (APPLICANT_ID, APPLICANT_FIRST_NAME, APPLICANT_LAST_NAME, APPLICANT_EMAIL, APPLICANT_PHONE_NUMBER) 
VALUES (30112, 'Kirstin', 'Odling', 'Kirstin.Odling@gmail.com', '860-106-5514');

INSERT INTO MAZ18012.APPLICANT (APPLICANT_ID, APPLICANT_FIRST_NAME, APPLICANT_LAST_NAME, APPLICANT_EMAIL, APPLICANT_PHONE_NUMBER) 
VALUES (30113, 'Pearce', 'Cummings', 'Pearce.Cummings@gmail.com', '860-226-2554');

INSERT INTO MAZ18012.APPLICANT (APPLICANT_ID, APPLICANT_FIRST_NAME, APPLICANT_LAST_NAME, APPLICANT_EMAIL, APPLICANT_PHONE_NUMBER) 
VALUES (30114, 'Zeenat', 'Kearns', 'Zeenat.Kearns@gmail.com', '860-690-3883');

INSERT INTO MAZ18012.APPLICANT (APPLICANT_ID, APPLICANT_FIRST_NAME, APPLICANT_LAST_NAME, APPLICANT_EMAIL, APPLICANT_PHONE_NUMBER) 
VALUES (30115, 'Aubree', 'Lindsey', 'Aubree.Lindsey@gmail.com', '860-967-7498');

INSERT INTO MAZ18012.APPLICANT (APPLICANT_ID, APPLICANT_FIRST_NAME, APPLICANT_LAST_NAME, APPLICANT_EMAIL, APPLICANT_PHONE_NUMBER) 
VALUES (30116, 'Marlene', 'Herrera', 'Marlene.Herrera@gmail.com', '860-646-5138');

INSERT INTO MAZ18012.APPLICANT (APPLICANT_ID, APPLICANT_FIRST_NAME, APPLICANT_LAST_NAME, APPLICANT_EMAIL, APPLICANT_PHONE_NUMBER) 
VALUES (30117, 'Clinton', 'Boyer', 'Clinton.Boyer@gmail.com', '860-452-4726');

INSERT INTO MAZ18012.APPLICANT (APPLICANT_ID, APPLICANT_FIRST_NAME, APPLICANT_LAST_NAME, APPLICANT_EMAIL, APPLICANT_PHONE_NUMBER) 
VALUES (30118, 'Arron', 'Holman', 'Arron.Holman@gmail.com', '860-717-9757');

INSERT INTO MAZ18012.APPLICANT (APPLICANT_ID, APPLICANT_FIRST_NAME, APPLICANT_LAST_NAME, APPLICANT_EMAIL, APPLICANT_PHONE_NUMBER) 
VALUES (30119, 'Gavin', 'Mcloughlin', 'Gavin.Mcloughlin@gmail.com', '860-630-9497');

INSERT INTO MAZ18012.APPLICANT (APPLICANT_ID, APPLICANT_FIRST_NAME, APPLICANT_LAST_NAME, APPLICANT_EMAIL, APPLICANT_PHONE_NUMBER) 
VALUES (30120, 'Mike', 'Leblanc', 'Mike.Leblanc@gmail.com', '860-100-8497');

INSERT INTO MAZ18012.APPLICANT (APPLICANT_ID, APPLICANT_FIRST_NAME, APPLICANT_LAST_NAME, APPLICANT_EMAIL, APPLICANT_PHONE_NUMBER) 
VALUES (30121, 'Caspian', 'Galindo', 'Caspian.Galindo@gmail.com', '860-952-7550');

INSERT INTO MAZ18012.APPLICANT (APPLICANT_ID, APPLICANT_FIRST_NAME, APPLICANT_LAST_NAME, APPLICANT_EMAIL, APPLICANT_PHONE_NUMBER) 
VALUES (30122, 'Destiny', 'Valenzuela', 'Destiny.Valenzuela@gmail.com', '860-880-1947');

INSERT INTO MAZ18012.APPLICANT (APPLICANT_ID, APPLICANT_FIRST_NAME, APPLICANT_LAST_NAME, APPLICANT_EMAIL, APPLICANT_PHONE_NUMBER) 
VALUES (30123, 'Taya', 'Bray', 'Taya.Bray@gmail.com', '860-811-1629');

INSERT INTO MAZ18012.APPLICANT (APPLICANT_ID, APPLICANT_FIRST_NAME, APPLICANT_LAST_NAME, APPLICANT_EMAIL, APPLICANT_PHONE_NUMBER) 
VALUES (30124, 'Milena', 'Cunningham', 'Milena.Cunningham@gmail.com', '860-156-2215');

INSERT INTO MAZ18012.APPLICANT (APPLICANT_ID, APPLICANT_FIRST_NAME, APPLICANT_LAST_NAME, APPLICANT_EMAIL, APPLICANT_PHONE_NUMBER) 
VALUES (30125, 'Olli', 'Carroll', 'Olli.Carroll@gmail.com', '860-261-4572');

INSERT INTO MAZ18012.APPLICANT (APPLICANT_ID, APPLICANT_FIRST_NAME, APPLICANT_LAST_NAME, APPLICANT_EMAIL, APPLICANT_PHONE_NUMBER) 
VALUES (30126, 'Bethany', 'Goff', 'Bethany.Goff@gmail.com', '860-427-3747');

INSERT INTO MAZ18012.APPLICANT (APPLICANT_ID, APPLICANT_FIRST_NAME, APPLICANT_LAST_NAME, APPLICANT_EMAIL, APPLICANT_PHONE_NUMBER) 
VALUES (30127, 'Leanne', 'Bernard', 'Leanne.Bernard@gmail.com', '860-510-6206');

INSERT INTO MAZ18012.APPLICANT (APPLICANT_ID, APPLICANT_FIRST_NAME, APPLICANT_LAST_NAME, APPLICANT_EMAIL, APPLICANT_PHONE_NUMBER) 
VALUES (30128, 'Andrei', 'Kinney', 'Andrei.Kinney@gmail.com', '860-764-7991');

INSERT INTO MAZ18012.APPLICANT (APPLICANT_ID, APPLICANT_FIRST_NAME, APPLICANT_LAST_NAME, APPLICANT_EMAIL, APPLICANT_PHONE_NUMBER) 
VALUES (30129, 'Leopold', 'Iles', 'Leopold.Iles@gmail.com', '860-316-7067');

INSERT INTO MAZ18012.APPLICANT (APPLICANT_ID, APPLICANT_FIRST_NAME, APPLICANT_LAST_NAME, APPLICANT_EMAIL, APPLICANT_PHONE_NUMBER) 
VALUES (30130, 'Adrian', 'Gomez', 'Adrian.Gomez@gmail.com', '860-466-6711');

INSERT INTO MAZ18012.APPLICANT (APPLICANT_ID, APPLICANT_FIRST_NAME, APPLICANT_LAST_NAME, APPLICANT_EMAIL, APPLICANT_PHONE_NUMBER) 
VALUES (30131, 'Chace', 'Joseph', 'Chace.Joseph@gmail.com', '860-505-4664');

INSERT INTO MAZ18012.APPLICANT (APPLICANT_ID, APPLICANT_FIRST_NAME, APPLICANT_LAST_NAME, APPLICANT_EMAIL, APPLICANT_PHONE_NUMBER) 
VALUES (30132, 'Marlie', 'Christian', 'Marlie.Christian@gmail.com', '860-311-1315');

INSERT INTO MAZ18012.APPLICANT (APPLICANT_ID, APPLICANT_FIRST_NAME, APPLICANT_LAST_NAME, APPLICANT_EMAIL, APPLICANT_PHONE_NUMBER) 
VALUES (30133, 'Bronte', 'Hutton', 'Bronte.Hutton@gmail.com', '860-787-3606');

INSERT INTO MAZ18012.APPLICANT (APPLICANT_ID, APPLICANT_FIRST_NAME, APPLICANT_LAST_NAME, APPLICANT_EMAIL, APPLICANT_PHONE_NUMBER) 
VALUES (30134, 'Daryl', 'Nielsen', 'Daryl.Nielsen@gmail.com', '860-558-3446');

INSERT INTO MAZ18012.APPLICANT (APPLICANT_ID, APPLICANT_FIRST_NAME, APPLICANT_LAST_NAME, APPLICANT_EMAIL, APPLICANT_PHONE_NUMBER) 
VALUES (30135, 'Angelina', 'Henry', 'Angelina.Henry@gmail.com', '860-684-6412');

INSERT INTO MAZ18012.APPLICANT (APPLICANT_ID, APPLICANT_FIRST_NAME, APPLICANT_LAST_NAME, APPLICANT_EMAIL, APPLICANT_PHONE_NUMBER) 
VALUES (30136, 'Elis', 'Wilkerson', 'Elis.Wilkerson@gmail.com', '860-377-2434');

INSERT INTO MAZ18012.APPLICANT (APPLICANT_ID, APPLICANT_FIRST_NAME, APPLICANT_LAST_NAME, APPLICANT_EMAIL, APPLICANT_PHONE_NUMBER) 
VALUES (30137, 'Calista', 'Waller', 'Calista.Waller@gmail.com', '860-758-4230');

INSERT INTO MAZ18012.APPLICANT (APPLICANT_ID, APPLICANT_FIRST_NAME, APPLICANT_LAST_NAME, APPLICANT_EMAIL, APPLICANT_PHONE_NUMBER) 
VALUES (30138, 'Youssef', 'Duke', 'Youssef.Duke@gmail.com', '860-100-7973');

INSERT INTO MAZ18012.APPLICANT (APPLICANT_ID, APPLICANT_FIRST_NAME, APPLICANT_LAST_NAME, APPLICANT_EMAIL, APPLICANT_PHONE_NUMBER) 
VALUES (30139, 'Blanche', 'Oneil', 'Blanche.Oneil@gmail.com', '860-807-1019');

INSERT INTO MAZ18012.APPLICANT (APPLICANT_ID, APPLICANT_FIRST_NAME, APPLICANT_LAST_NAME, APPLICANT_EMAIL, APPLICANT_PHONE_NUMBER) 
VALUES (30140, 'Raheel', 'Rivera', 'Raheel.Rivera@gmail.com', '860-464-4480');

INSERT INTO MAZ18012.APPLICANT (APPLICANT_ID, APPLICANT_FIRST_NAME, APPLICANT_LAST_NAME, APPLICANT_EMAIL, APPLICANT_PHONE_NUMBER) 
VALUES (30141, 'Anish', 'Churchill', 'Anish.Churchill@gmail.com', '860-194-7973');

INSERT INTO MAZ18012.APPLICANT (APPLICANT_ID, APPLICANT_FIRST_NAME, APPLICANT_LAST_NAME, APPLICANT_EMAIL, APPLICANT_PHONE_NUMBER) 
VALUES (30142, 'Hassan', 'Ruiz', 'Hassan.Ruiz@gmail.com', '860-370-4188');

INSERT INTO MAZ18012.APPLICANT (APPLICANT_ID, APPLICANT_FIRST_NAME, APPLICANT_LAST_NAME, APPLICANT_EMAIL, APPLICANT_PHONE_NUMBER) 
VALUES (30143, 'Jayden-James', 'Dupont', 'Jayden-James.Dupont@gmail.com', '860-396-7075');

INSERT INTO MAZ18012.APPLICANT (APPLICANT_ID, APPLICANT_FIRST_NAME, APPLICANT_LAST_NAME, APPLICANT_EMAIL, APPLICANT_PHONE_NUMBER) 
VALUES (30144, 'Zaid', 'Povey', 'Zaid.Povey@gmail.com', '860-763-8964');

INSERT INTO MAZ18012.APPLICANT (APPLICANT_ID, APPLICANT_FIRST_NAME, APPLICANT_LAST_NAME, APPLICANT_EMAIL, APPLICANT_PHONE_NUMBER) 
VALUES (30145, 'Yisroel', 'Zhang', 'Yisroel.Zhang@gmail.com', '860-173-4729');

INSERT INTO MAZ18012.APPLICANT (APPLICANT_ID, APPLICANT_FIRST_NAME, APPLICANT_LAST_NAME, APPLICANT_EMAIL, APPLICANT_PHONE_NUMBER) 
VALUES (30146, 'Diego', 'Martin', 'Diego.Martin@gmail.com', '860-658-8220');

INSERT INTO MAZ18012.APPLICANT (APPLICANT_ID, APPLICANT_FIRST_NAME, APPLICANT_LAST_NAME, APPLICANT_EMAIL, APPLICANT_PHONE_NUMBER) 
VALUES (30147, 'Vihaan', 'Faulkner', 'Vihaan.Faulkner@gmail.com', '860-918-1360');

INSERT INTO MAZ18012.APPLICANT (APPLICANT_ID, APPLICANT_FIRST_NAME, APPLICANT_LAST_NAME, APPLICANT_EMAIL, APPLICANT_PHONE_NUMBER) 
VALUES (30148, 'Herman', 'Mckenzie', 'Herman.Mckenzie@gmail.com', '860-622-9025');

INSERT INTO MAZ18012.APPLICANT (APPLICANT_ID, APPLICANT_FIRST_NAME, APPLICANT_LAST_NAME, APPLICANT_EMAIL, APPLICANT_PHONE_NUMBER) 
VALUES (30149, 'Reis', 'Black', 'Reis.Black@gmail.com', '860-201-7684');

INSERT INTO MAZ18012.APPLICANT (APPLICANT_ID, APPLICANT_FIRST_NAME, APPLICANT_LAST_NAME, APPLICANT_EMAIL, APPLICANT_PHONE_NUMBER) 
VALUES (30150, 'Liam', 'Mclean', 'Liam.Mclean@gmail.com', '860-995-9755');

INSERT INTO MAZ18012.APPLICANT (APPLICANT_ID, APPLICANT_FIRST_NAME, APPLICANT_LAST_NAME, APPLICANT_EMAIL, APPLICANT_PHONE_NUMBER) 
VALUES (30151, 'Brayden', 'Gillespie', 'Brayden.Gillespie@gmail.com', '860-101-9173');

INSERT INTO MAZ18012.APPLICANT (APPLICANT_ID, APPLICANT_FIRST_NAME, APPLICANT_LAST_NAME, APPLICANT_EMAIL, APPLICANT_PHONE_NUMBER) 
VALUES (30152, 'Lawrence', 'Pacheco', 'Lawrence.Pacheco@gmail.com', '860-414-6140');

INSERT INTO MAZ18012.APPLICANT (APPLICANT_ID, APPLICANT_FIRST_NAME, APPLICANT_LAST_NAME, APPLICANT_EMAIL, APPLICANT_PHONE_NUMBER) 
VALUES (30153, 'Arian', 'Miller', 'Arian.Miller@gmail.com', '860-110-6818');

INSERT INTO MAZ18012.APPLICANT (APPLICANT_ID, APPLICANT_FIRST_NAME, APPLICANT_LAST_NAME, APPLICANT_EMAIL, APPLICANT_PHONE_NUMBER) 
VALUES (30154, 'Carlton', 'Singh', 'Carlton.Singh@gmail.com', '860-859-9611');

INSERT INTO MAZ18012.APPLICANT (APPLICANT_ID, APPLICANT_FIRST_NAME, APPLICANT_LAST_NAME, APPLICANT_EMAIL, APPLICANT_PHONE_NUMBER) 
VALUES (30155, 'Ashley', 'Figueroa', 'Ashley.Figueroa@gmail.com', '860-891-8940');

INSERT INTO MAZ18012.APPLICANT (APPLICANT_ID, APPLICANT_FIRST_NAME, APPLICANT_LAST_NAME, APPLICANT_EMAIL, APPLICANT_PHONE_NUMBER) 
VALUES (30156, 'Montell', 'Simmonds', 'Montell.Simmonds@gmail.com', '860-316-4206');

INSERT INTO MAZ18012.APPLICANT (APPLICANT_ID, APPLICANT_FIRST_NAME, APPLICANT_LAST_NAME, APPLICANT_EMAIL, APPLICANT_PHONE_NUMBER) 
VALUES (30157, 'Evie-Mae', 'Rose', 'Evie-Mae.Rose@gmail.com', '860-820-6209');

INSERT INTO MAZ18012.APPLICANT (APPLICANT_ID, APPLICANT_FIRST_NAME, APPLICANT_LAST_NAME, APPLICANT_EMAIL, APPLICANT_PHONE_NUMBER) 
VALUES (30158, 'Shazia', 'Hall', 'Shazia.Hall@gmail.com', '860-529-4120');

INSERT INTO MAZ18012.APPLICANT (APPLICANT_ID, APPLICANT_FIRST_NAME, APPLICANT_LAST_NAME, APPLICANT_EMAIL, APPLICANT_PHONE_NUMBER) 
VALUES (30159, 'Sonnie', 'Nicholls', 'Sonnie.Nicholls@gmail.com', '860-150-8458');

INSERT INTO MAZ18012.APPLICANT (APPLICANT_ID, APPLICANT_FIRST_NAME, APPLICANT_LAST_NAME, APPLICANT_EMAIL, APPLICANT_PHONE_NUMBER) 
VALUES (30160, 'Elina', 'Calvert', 'Elina.Calvert@gmail.com', '860-566-8175');

INSERT INTO MAZ18012.APPLICANT (APPLICANT_ID, APPLICANT_FIRST_NAME, APPLICANT_LAST_NAME, APPLICANT_EMAIL, APPLICANT_PHONE_NUMBER) 
VALUES (30161, 'Lillia', 'Reilly', 'Lillia.Reilly@gmail.com', '860-215-4127');

INSERT INTO MAZ18012.APPLICANT (APPLICANT_ID, APPLICANT_FIRST_NAME, APPLICANT_LAST_NAME, APPLICANT_EMAIL, APPLICANT_PHONE_NUMBER) 
VALUES (30162, 'Anastazja', 'Garrison', 'Anastazja.Garrison@gmail.com', '860-294-3119');

INSERT INTO MAZ18012.APPLICANT (APPLICANT_ID, APPLICANT_FIRST_NAME, APPLICANT_LAST_NAME, APPLICANT_EMAIL, APPLICANT_PHONE_NUMBER) 
VALUES (30163, 'Aleksander', 'Ray', 'Aleksander.Ray@gmail.com', '860-745-4398');

INSERT INTO MAZ18012.APPLICANT (APPLICANT_ID, APPLICANT_FIRST_NAME, APPLICANT_LAST_NAME, APPLICANT_EMAIL, APPLICANT_PHONE_NUMBER) 
VALUES (30164, 'Shanelle', 'Walls', 'Shanelle.Walls@gmail.com', '860-742-2660');

INSERT INTO MAZ18012.APPLICANT (APPLICANT_ID, APPLICANT_FIRST_NAME, APPLICANT_LAST_NAME, APPLICANT_EMAIL, APPLICANT_PHONE_NUMBER) 
VALUES (30165, 'Nazim', 'Nixon', 'Nazim.Nixon@gmail.com', '860-458-2155');

INSERT INTO MAZ18012.APPLICANT (APPLICANT_ID, APPLICANT_FIRST_NAME, APPLICANT_LAST_NAME, APPLICANT_EMAIL, APPLICANT_PHONE_NUMBER) 
VALUES (30166, 'Ronny', 'Harrison', 'Ronny.Harrison@gmail.com', '860-163-8596');

INSERT INTO MAZ18012.APPLICANT (APPLICANT_ID, APPLICANT_FIRST_NAME, APPLICANT_LAST_NAME, APPLICANT_EMAIL, APPLICANT_PHONE_NUMBER) 
VALUES (30167, 'Ami', 'Carey', 'Ami.Carey@gmail.com', '860-890-6919');

INSERT INTO MAZ18012.APPLICANT (APPLICANT_ID, APPLICANT_FIRST_NAME, APPLICANT_LAST_NAME, APPLICANT_EMAIL, APPLICANT_PHONE_NUMBER) 
VALUES (30168, 'Kajus', 'Vincent', 'Kajus.Vincent@gmail.com', '860-383-5201');

INSERT INTO MAZ18012.APPLICANT (APPLICANT_ID, APPLICANT_FIRST_NAME, APPLICANT_LAST_NAME, APPLICANT_EMAIL, APPLICANT_PHONE_NUMBER) 
VALUES (30169, 'Jillian', 'York', 'Jillian.York@gmail.com', '860-954-5826');

INSERT INTO MAZ18012.APPLICANT (APPLICANT_ID, APPLICANT_FIRST_NAME, APPLICANT_LAST_NAME, APPLICANT_EMAIL, APPLICANT_PHONE_NUMBER) 
VALUES (30170, 'Arnold', 'Eaton', 'Arnold.Eaton@gmail.com', '860-219-9302');

INSERT INTO MAZ18012.APPLICANT (APPLICANT_ID, APPLICANT_FIRST_NAME, APPLICANT_LAST_NAME, APPLICANT_EMAIL, APPLICANT_PHONE_NUMBER) 
VALUES (30171, 'Marsha', 'Kaiser', 'Marsha.Kaiser@gmail.com', '860-325-7513');

INSERT INTO MAZ18012.APPLICANT (APPLICANT_ID, APPLICANT_FIRST_NAME, APPLICANT_LAST_NAME, APPLICANT_EMAIL, APPLICANT_PHONE_NUMBER) 
VALUES (30172, 'Lacey-Mai', 'Kane', 'Lacey-Mai.Kane@gmail.com', '860-749-3104');

INSERT INTO MAZ18012.APPLICANT (APPLICANT_ID, APPLICANT_FIRST_NAME, APPLICANT_LAST_NAME, APPLICANT_EMAIL, APPLICANT_PHONE_NUMBER) 
VALUES (30173, 'Jenna', 'Fowler', 'Jenna.Fowler@gmail.com', '860-928-8522');

INSERT INTO MAZ18012.APPLICANT (APPLICANT_ID, APPLICANT_FIRST_NAME, APPLICANT_LAST_NAME, APPLICANT_EMAIL, APPLICANT_PHONE_NUMBER) 
VALUES (30174, 'Zishan', 'O''Connor', 'Zishan.O''Connor@gmail.com', '860-211-3868');

INSERT INTO MAZ18012.APPLICANT (APPLICANT_ID, APPLICANT_FIRST_NAME, APPLICANT_LAST_NAME, APPLICANT_EMAIL, APPLICANT_PHONE_NUMBER) 
VALUES (30175, 'Coco', 'Mccormack', 'Coco.Mccormack@gmail.com', '860-151-4448');

INSERT INTO MAZ18012.APPLICANT (APPLICANT_ID, APPLICANT_FIRST_NAME, APPLICANT_LAST_NAME, APPLICANT_EMAIL, APPLICANT_PHONE_NUMBER) 
VALUES (30176, 'Kacy', 'Mellor', 'Kacy.Mellor@gmail.com', '860-594-8038');

INSERT INTO MAZ18012.APPLICANT (APPLICANT_ID, APPLICANT_FIRST_NAME, APPLICANT_LAST_NAME, APPLICANT_EMAIL, APPLICANT_PHONE_NUMBER) 
VALUES (30177, 'Kim', 'Quintana', 'Kim.Quintana@gmail.com', '860-679-6606');

INSERT INTO MAZ18012.APPLICANT (APPLICANT_ID, APPLICANT_FIRST_NAME, APPLICANT_LAST_NAME, APPLICANT_EMAIL, APPLICANT_PHONE_NUMBER) 
VALUES (30178, 'Nel', 'Reader', 'Nel.Reader@gmail.com', '860-780-4232');

INSERT INTO MAZ18012.APPLICANT (APPLICANT_ID, APPLICANT_FIRST_NAME, APPLICANT_LAST_NAME, APPLICANT_EMAIL, APPLICANT_PHONE_NUMBER) 
VALUES (30179, 'Daisy', 'Goulding', 'Daisy.Goulding@gmail.com', '860-364-4410');

INSERT INTO MAZ18012.APPLICANT (APPLICANT_ID, APPLICANT_FIRST_NAME, APPLICANT_LAST_NAME, APPLICANT_EMAIL, APPLICANT_PHONE_NUMBER) 
VALUES (30180, 'Yasser', 'Hodges', 'Yasser.Hodges@gmail.com', '860-592-5812');

INSERT INTO MAZ18012.APPLICANT (APPLICANT_ID, APPLICANT_FIRST_NAME, APPLICANT_LAST_NAME, APPLICANT_EMAIL, APPLICANT_PHONE_NUMBER) 
VALUES (30181, 'Efan', 'Mcneill', 'Efan.Mcneill@gmail.com', '860-727-6045');

INSERT INTO MAZ18012.APPLICANT (APPLICANT_ID, APPLICANT_FIRST_NAME, APPLICANT_LAST_NAME, APPLICANT_EMAIL, APPLICANT_PHONE_NUMBER) 
VALUES (30182, 'Paolo', 'Knox', 'Paolo.Knox@gmail.com', '860-874-9431');

INSERT INTO MAZ18012.APPLICANT (APPLICANT_ID, APPLICANT_FIRST_NAME, APPLICANT_LAST_NAME, APPLICANT_EMAIL, APPLICANT_PHONE_NUMBER) 
VALUES (30183, 'Brody', 'Kavanagh', 'Brody.Kavanagh@gmail.com', '860-243-2221');

INSERT INTO MAZ18012.APPLICANT (APPLICANT_ID, APPLICANT_FIRST_NAME, APPLICANT_LAST_NAME, APPLICANT_EMAIL, APPLICANT_PHONE_NUMBER) 
VALUES (30184, 'Kaisha', 'Montes', 'Kaisha.Montes@gmail.com', '860-736-4000');

INSERT INTO MAZ18012.APPLICANT (APPLICANT_ID, APPLICANT_FIRST_NAME, APPLICANT_LAST_NAME, APPLICANT_EMAIL, APPLICANT_PHONE_NUMBER) 
VALUES (30185, 'Will', 'Curry', 'Will.Curry@gmail.com', '860-973-9999');

INSERT INTO MAZ18012.APPLICANT (APPLICANT_ID, APPLICANT_FIRST_NAME, APPLICANT_LAST_NAME, APPLICANT_EMAIL, APPLICANT_PHONE_NUMBER) 
VALUES (30186, 'Adem', 'Nicholson', 'Adem.Nicholson@gmail.com', '860-485-5055');

INSERT INTO MAZ18012.APPLICANT (APPLICANT_ID, APPLICANT_FIRST_NAME, APPLICANT_LAST_NAME, APPLICANT_EMAIL, APPLICANT_PHONE_NUMBER) 
VALUES (30187, 'Ariya', 'Owens', 'Ariya.Owens@gmail.com', '860-692-5732');

INSERT INTO MAZ18012.APPLICANT (APPLICANT_ID, APPLICANT_FIRST_NAME, APPLICANT_LAST_NAME, APPLICANT_EMAIL, APPLICANT_PHONE_NUMBER) 
VALUES (30188, 'Fredrick', 'Coates', 'Fredrick.Coates@gmail.com', '860-422-4360');

INSERT INTO MAZ18012.APPLICANT (APPLICANT_ID, APPLICANT_FIRST_NAME, APPLICANT_LAST_NAME, APPLICANT_EMAIL, APPLICANT_PHONE_NUMBER) 
VALUES (30189, 'Akeel', 'West', 'Akeel.West@gmail.com', '860-418-6117');

INSERT INTO MAZ18012.APPLICANT (APPLICANT_ID, APPLICANT_FIRST_NAME, APPLICANT_LAST_NAME, APPLICANT_EMAIL, APPLICANT_PHONE_NUMBER) 
VALUES (30190, 'Erik', 'Vance', 'Erik.Vance@gmail.com', '860-106-9913');

INSERT INTO MAZ18012.APPLICANT (APPLICANT_ID, APPLICANT_FIRST_NAME, APPLICANT_LAST_NAME, APPLICANT_EMAIL, APPLICANT_PHONE_NUMBER) 
VALUES (30191, 'Federico', 'Hunt', 'Federico.Hunt@gmail.com', '860-638-4276');

INSERT INTO MAZ18012.APPLICANT (APPLICANT_ID, APPLICANT_FIRST_NAME, APPLICANT_LAST_NAME, APPLICANT_EMAIL, APPLICANT_PHONE_NUMBER) 
VALUES (30192, 'Antoinette', 'Shea', 'Antoinette.Shea@gmail.com', '860-353-8202');

INSERT INTO MAZ18012.APPLICANT (APPLICANT_ID, APPLICANT_FIRST_NAME, APPLICANT_LAST_NAME, APPLICANT_EMAIL, APPLICANT_PHONE_NUMBER) 
VALUES (30193, 'Sulaiman', 'Barnett', 'Sulaiman.Barnett@gmail.com', '860-935-1532');

INSERT INTO MAZ18012.APPLICANT (APPLICANT_ID, APPLICANT_FIRST_NAME, APPLICANT_LAST_NAME, APPLICANT_EMAIL, APPLICANT_PHONE_NUMBER) 
VALUES (30194, 'Kady', 'Martins', 'Kady.Martins@gmail.com', '860-214-4711');

INSERT INTO MAZ18012.APPLICANT (APPLICANT_ID, APPLICANT_FIRST_NAME, APPLICANT_LAST_NAME, APPLICANT_EMAIL, APPLICANT_PHONE_NUMBER) 
VALUES (30195, 'Amelia-Mae', 'Bloggs', 'Amelia-Mae.Bloggs@gmail.com', '860-542-6262');

INSERT INTO MAZ18012.APPLICANT (APPLICANT_ID, APPLICANT_FIRST_NAME, APPLICANT_LAST_NAME, APPLICANT_EMAIL, APPLICANT_PHONE_NUMBER) 
VALUES (30196, 'Ellis', 'Mueller', 'Ellis.Mueller@gmail.com', '860-258-3140');

INSERT INTO MAZ18012.APPLICANT (APPLICANT_ID, APPLICANT_FIRST_NAME, APPLICANT_LAST_NAME, APPLICANT_EMAIL, APPLICANT_PHONE_NUMBER) 
VALUES (30197, 'Olivier', 'Benitez', 'Olivier.Benitez@gmail.com', '860-776-2790');

INSERT INTO MAZ18012.APPLICANT (APPLICANT_ID, APPLICANT_FIRST_NAME, APPLICANT_LAST_NAME, APPLICANT_EMAIL, APPLICANT_PHONE_NUMBER) 
VALUES (30198, 'Dominik', 'Weiss', 'Dominik.Weiss@gmail.com', '860-711-2799');

INSERT INTO MAZ18012.APPLICANT (APPLICANT_ID, APPLICANT_FIRST_NAME, APPLICANT_LAST_NAME, APPLICANT_EMAIL, APPLICANT_PHONE_NUMBER) 
VALUES (30199, 'Hari', 'Beard', 'Hari.Beard@gmail.com', '860-167-3808');

INSERT INTO MAZ18012.APPLICANT (APPLICANT_ID, APPLICANT_FIRST_NAME, APPLICANT_LAST_NAME, APPLICANT_EMAIL, APPLICANT_PHONE_NUMBER) 
VALUES (30200, 'Sameeha', 'Bob', 'Sameeha.Bob@gmail.com', '860-997-7904');









--- Importing into Hiring_Manager

INSERT INTO MAZ18012.HIRING_MANAGER (HIRING_MANAGER_ID, HIRING_MANAGER_FIRST_NAME, HIRING_MANAGER_LAST_NAME, HIRING_MANAGER_EMAIL, HIRING_MANAGER_PHONE_NUMBER) 
VALUES (20001, 'Aishah', 'Walsh', 'Aishah.Walsh@companyXYZ.com', '860-390-4076');

INSERT INTO MAZ18012.HIRING_MANAGER (HIRING_MANAGER_ID, HIRING_MANAGER_FIRST_NAME, HIRING_MANAGER_LAST_NAME, HIRING_MANAGER_EMAIL, HIRING_MANAGER_PHONE_NUMBER) 
VALUES (20002, 'Hala', 'Parker', 'Hala.Parker@companyXYZ.com', '860-136-7109');

INSERT INTO MAZ18012.HIRING_MANAGER (HIRING_MANAGER_ID, HIRING_MANAGER_FIRST_NAME, HIRING_MANAGER_LAST_NAME, HIRING_MANAGER_EMAIL, HIRING_MANAGER_PHONE_NUMBER) 
VALUES (20003, 'Stephanie', 'Simmons', 'Stephanie.Simmons@companyXYZ.com', '860-519-2714');

INSERT INTO MAZ18012.HIRING_MANAGER (HIRING_MANAGER_ID, HIRING_MANAGER_FIRST_NAME, HIRING_MANAGER_LAST_NAME, HIRING_MANAGER_EMAIL, HIRING_MANAGER_PHONE_NUMBER) 
VALUES (20004, 'Angelica', 'Murray', 'Angelica.Murray@companyXYZ.com', '860-597-8760');

INSERT INTO MAZ18012.HIRING_MANAGER (HIRING_MANAGER_ID, HIRING_MANAGER_FIRST_NAME, HIRING_MANAGER_LAST_NAME, HIRING_MANAGER_EMAIL, HIRING_MANAGER_PHONE_NUMBER) 
VALUES (20005, 'Abu', 'James', 'Abu.James@companyXYZ.com', '860-909-2071');

INSERT INTO MAZ18012.HIRING_MANAGER (HIRING_MANAGER_ID, HIRING_MANAGER_FIRST_NAME, HIRING_MANAGER_LAST_NAME, HIRING_MANAGER_EMAIL, HIRING_MANAGER_PHONE_NUMBER) 
VALUES (20006, 'Riley', 'Smith', 'Riley.Smith@companyXYZ.com', '860-313-9194');

INSERT INTO MAZ18012.HIRING_MANAGER (HIRING_MANAGER_ID, HIRING_MANAGER_FIRST_NAME, HIRING_MANAGER_LAST_NAME, HIRING_MANAGER_EMAIL, HIRING_MANAGER_PHONE_NUMBER) 
VALUES (20007, 'Jacob', 'Matthews', 'Jacob.Matthews@companyXYZ.com', '860-547-5200');

INSERT INTO MAZ18012.HIRING_MANAGER (HIRING_MANAGER_ID, HIRING_MANAGER_FIRST_NAME, HIRING_MANAGER_LAST_NAME, HIRING_MANAGER_EMAIL, HIRING_MANAGER_PHONE_NUMBER) 
VALUES (20008, 'Hunter ', 'Bowden', 'Hunter .Bowden@companyXYZ.com', '860-711-7411');

INSERT INTO MAZ18012.HIRING_MANAGER (HIRING_MANAGER_ID, HIRING_MANAGER_FIRST_NAME, HIRING_MANAGER_LAST_NAME, HIRING_MANAGER_EMAIL, HIRING_MANAGER_PHONE_NUMBER) 
VALUES (20009, 'Tommy', 'Kennedy', 'Tommy.Kennedy@companyXYZ.com', '860-581-8099');

INSERT INTO MAZ18012.HIRING_MANAGER (HIRING_MANAGER_ID, HIRING_MANAGER_FIRST_NAME, HIRING_MANAGER_LAST_NAME, HIRING_MANAGER_EMAIL, HIRING_MANAGER_PHONE_NUMBER) 
VALUES (20010, 'Sarah', 'Jones', 'Sarah.Jones@companyXYZ.com', '860-361-2197');





--- Importing into Human Resources

INSERT INTO MAZ18012.HUMAN_RESOURCES (HUMAN_RESOURCES_ID, HUMAN_RESOURCES_FIRST_NAME, HUMAN_RESOURCES_LAST_NAME, HUMAN_RESOURCES_EMAIL, HUMAN_RESOURCES_PHONE_NUMBER) 
VALUES (10001, 'Emilee', 'Smith', 'Emilee.Smith@companyXYZ.com', '860-858-6157');

INSERT INTO MAZ18012.HUMAN_RESOURCES (HUMAN_RESOURCES_ID, HUMAN_RESOURCES_FIRST_NAME, HUMAN_RESOURCES_LAST_NAME, HUMAN_RESOURCES_EMAIL, HUMAN_RESOURCES_PHONE_NUMBER) 
VALUES (10002, 'John', 'Peterson', 'John.Peterson@companyXYZ.com', '860-693-8588');

INSERT INTO MAZ18012.HUMAN_RESOURCES (HUMAN_RESOURCES_ID, HUMAN_RESOURCES_FIRST_NAME, HUMAN_RESOURCES_LAST_NAME, HUMAN_RESOURCES_EMAIL, HUMAN_RESOURCES_PHONE_NUMBER) 
VALUES (10003, 'Frank', 'Alexander', 'Frank.Alexander@companyXYZ.com', '860-597-6848');

INSERT INTO MAZ18012.HUMAN_RESOURCES (HUMAN_RESOURCES_ID, HUMAN_RESOURCES_FIRST_NAME, HUMAN_RESOURCES_LAST_NAME, HUMAN_RESOURCES_EMAIL, HUMAN_RESOURCES_PHONE_NUMBER) 
VALUES (10004, 'Seth', 'Walter', 'Seth.Walter@companyXYZ.com', '860-619-9713');

INSERT INTO MAZ18012.HUMAN_RESOURCES (HUMAN_RESOURCES_ID, HUMAN_RESOURCES_FIRST_NAME, HUMAN_RESOURCES_LAST_NAME, HUMAN_RESOURCES_EMAIL, HUMAN_RESOURCES_PHONE_NUMBER) 
VALUES (10005, 'Hailey', 'James', 'Hailey.James@companyXYZ.com', '860-429-1870');

INSERT INTO MAZ18012.HUMAN_RESOURCES (HUMAN_RESOURCES_ID, HUMAN_RESOURCES_FIRST_NAME, HUMAN_RESOURCES_LAST_NAME, HUMAN_RESOURCES_EMAIL, HUMAN_RESOURCES_PHONE_NUMBER) 
VALUES (10006, 'Peter', 'Mathew', 'Peter.Mathew@companyXYZ.com', '860-710-5406');

INSERT INTO MAZ18012.HUMAN_RESOURCES (HUMAN_RESOURCES_ID, HUMAN_RESOURCES_FIRST_NAME, HUMAN_RESOURCES_LAST_NAME, HUMAN_RESOURCES_EMAIL, HUMAN_RESOURCES_PHONE_NUMBER) 
VALUES (10007, 'Paiter', 'Morrow', 'Paiter.Morrow@companyXYZ.com', '860-525-2843');

INSERT INTO MAZ18012.HUMAN_RESOURCES (HUMAN_RESOURCES_ID, HUMAN_RESOURCES_FIRST_NAME, HUMAN_RESOURCES_LAST_NAME, HUMAN_RESOURCES_EMAIL, HUMAN_RESOURCES_PHONE_NUMBER) 
VALUES (10008, 'Nico', 'Capriglione', 'Nico.Capriglione@companyXYZ.com', '860-252-8542');

INSERT INTO MAZ18012.HUMAN_RESOURCES (HUMAN_RESOURCES_ID, HUMAN_RESOURCES_FIRST_NAME, HUMAN_RESOURCES_LAST_NAME, HUMAN_RESOURCES_EMAIL, HUMAN_RESOURCES_PHONE_NUMBER) 
VALUES (10009, 'Samuel', 'Doran', 'Samuel.Doran@companyXYZ.com', '860-948-1138');

INSERT INTO MAZ18012.HUMAN_RESOURCES (HUMAN_RESOURCES_ID, HUMAN_RESOURCES_FIRST_NAME, HUMAN_RESOURCES_LAST_NAME, HUMAN_RESOURCES_EMAIL, HUMAN_RESOURCES_PHONE_NUMBER) 
VALUES (10010, 'Brittany', 'Mainetti', 'Brittany.Mainetti@companyXYZ.com', '860-973-2662');

INSERT INTO MAZ18012.HUMAN_RESOURCES (HUMAN_RESOURCES_ID, HUMAN_RESOURCES_FIRST_NAME, HUMAN_RESOURCES_LAST_NAME, HUMAN_RESOURCES_EMAIL, HUMAN_RESOURCES_PHONE_NUMBER) 
VALUES (10011, 'Valerie', 'Mannix', 'Valerie.Mannix@companyXYZ.com', '860-967-2355');

INSERT INTO MAZ18012.HUMAN_RESOURCES (HUMAN_RESOURCES_ID, HUMAN_RESOURCES_FIRST_NAME, HUMAN_RESOURCES_LAST_NAME, HUMAN_RESOURCES_EMAIL, HUMAN_RESOURCES_PHONE_NUMBER) 
VALUES (10012, 'Amber', 'March', 'Amber.March@companyXYZ.com', '860-217-1050');

INSERT INTO MAZ18012.HUMAN_RESOURCES (HUMAN_RESOURCES_ID, HUMAN_RESOURCES_FIRST_NAME, HUMAN_RESOURCES_LAST_NAME, HUMAN_RESOURCES_EMAIL, HUMAN_RESOURCES_PHONE_NUMBER) 
VALUES (10013, 'Nicole', 'Marshall', 'Nicole.Marshall@companyXYZ.com', '860-634-4719');

INSERT INTO MAZ18012.HUMAN_RESOURCES (HUMAN_RESOURCES_ID, HUMAN_RESOURCES_FIRST_NAME, HUMAN_RESOURCES_LAST_NAME, HUMAN_RESOURCES_EMAIL, HUMAN_RESOURCES_PHONE_NUMBER) 
VALUES (10014, 'Steven', 'Preziosi', 'Steven.Preziosi@companyXYZ.com', '860-231-6463');

INSERT INTO MAZ18012.HUMAN_RESOURCES (HUMAN_RESOURCES_ID, HUMAN_RESOURCES_FIRST_NAME, HUMAN_RESOURCES_LAST_NAME, HUMAN_RESOURCES_EMAIL, HUMAN_RESOURCES_PHONE_NUMBER) 
VALUES (10015, 'Travis', 'McDowell', 'Travis.McDowell@companyXYZ.com', '860-988-6343');







--- Importing into Required_Skills

SET DEFINE OFF

INSERT INTO MAZ18012.REQUIRED_SKILLS (SKILL_ID, SKILL_NAME) 
VALUES (60001, 'Teamwork ');

INSERT INTO MAZ18012.REQUIRED_SKILLS (SKILL_ID, SKILL_NAME) 
VALUES (60002, 'Interpersonal ');

INSERT INTO MAZ18012.REQUIRED_SKILLS (SKILL_ID, SKILL_NAME) 
VALUES (60003, 'Analytical ');

INSERT INTO MAZ18012.REQUIRED_SKILLS (SKILL_ID, SKILL_NAME) 
VALUES (60004, 'Communication');

INSERT INTO MAZ18012.REQUIRED_SKILLS (SKILL_ID, SKILL_NAME) 
VALUES (60005, 'Project Management ');

INSERT INTO MAZ18012.REQUIRED_SKILLS (SKILL_ID, SKILL_NAME) 
VALUES (60006, 'Problem Solving');

INSERT INTO MAZ18012.REQUIRED_SKILLS (SKILL_ID, SKILL_NAME) 
VALUES (60007, 'Critical Thinking');

INSERT INTO MAZ18012.REQUIRED_SKILLS (SKILL_ID, SKILL_NAME) 
VALUES (60008, 'Data Visualization ');

INSERT INTO MAZ18012.REQUIRED_SKILLS (SKILL_ID, SKILL_NAME) 
VALUES (60009, 'Public Speaking');

INSERT INTO MAZ18012.REQUIRED_SKILLS (SKILL_ID, SKILL_NAME) 
VALUES (60010, 'Experience with Finance Models');

INSERT INTO MAZ18012.REQUIRED_SKILLS (SKILL_ID, SKILL_NAME) 
VALUES (60011, 'Accounting Skills');

INSERT INTO MAZ18012.REQUIRED_SKILLS (SKILL_ID, SKILL_NAME) 
VALUES (60012, 'Proficient in R');

INSERT INTO MAZ18012.REQUIRED_SKILLS (SKILL_ID, SKILL_NAME) 
VALUES (60013, 'Proficient in Python');

INSERT INTO MAZ18012.REQUIRED_SKILLS (SKILL_ID, SKILL_NAME) 
VALUES (60014, 'Proficient in Microsoft Office');

INSERT INTO MAZ18012.REQUIRED_SKILLS (SKILL_ID, SKILL_NAME) 
VALUES (60015, 'TIG Welding');

INSERT INTO MAZ18012.REQUIRED_SKILLS (SKILL_ID, SKILL_NAME) 
VALUES (60016, 'Oxy-Fuel Welding');

INSERT INTO MAZ18012.REQUIRED_SKILLS (SKILL_ID, SKILL_NAME) 
VALUES (60017, 'Arc Welding');

INSERT INTO MAZ18012.REQUIRED_SKILLS (SKILL_ID, SKILL_NAME) 
VALUES (60018, 'Proficient in SAS');

INSERT INTO MAZ18012.REQUIRED_SKILLS (SKILL_ID, SKILL_NAME) 
VALUES (60019, 'Proficient in CAD');







--- Importing into Job_Req

INSERT INTO MAZ18012.JOB_REQ (JOB_REQ_ID, POSITION_TITLE_NAME, POSITION_LEVEL, HIRING_MANAGER_ID, HUMAN_RESOURCES_ID, JOB_LOCATION_TOWN, JOB_LOCATION_STATE, REQUESTED_EXPERIENCE) 
VALUES (40001, 'Project Engineer', 'Intermediate', 20007, 10005, 'Hartford', 'CT', 4);

INSERT INTO MAZ18012.JOB_REQ (JOB_REQ_ID, POSITION_TITLE_NAME, POSITION_LEVEL, HIRING_MANAGER_ID, HUMAN_RESOURCES_ID, JOB_LOCATION_TOWN, JOB_LOCATION_STATE, REQUESTED_EXPERIENCE) 
VALUES (40002, 'Financial Analyst', 'Intermediate', 20001, 10003, 'Hamden', 'CT', 4);

INSERT INTO MAZ18012.JOB_REQ (JOB_REQ_ID, POSITION_TITLE_NAME, POSITION_LEVEL, HIRING_MANAGER_ID, HUMAN_RESOURCES_ID, JOB_LOCATION_TOWN, JOB_LOCATION_STATE, REQUESTED_EXPERIENCE) 
VALUES (40003, 'Electrical Engineer', 'Senior', 20009, 10008, 'Rocky Hill', 'CT', 9);

INSERT INTO MAZ18012.JOB_REQ (JOB_REQ_ID, POSITION_TITLE_NAME, POSITION_LEVEL, HIRING_MANAGER_ID, HUMAN_RESOURCES_ID, JOB_LOCATION_TOWN, JOB_LOCATION_STATE, REQUESTED_EXPERIENCE) 
VALUES (40004, 'Program Lead', 'Senior', 20002, 10002, 'Deep River', 'CT', 7);

INSERT INTO MAZ18012.JOB_REQ (JOB_REQ_ID, POSITION_TITLE_NAME, POSITION_LEVEL, HIRING_MANAGER_ID, HUMAN_RESOURCES_ID, JOB_LOCATION_TOWN, JOB_LOCATION_STATE, REQUESTED_EXPERIENCE) 
VALUES (40005, 'Planner', 'Intermediate', 20005, 10003, 'Hamden', 'CT', 5);

INSERT INTO MAZ18012.JOB_REQ (JOB_REQ_ID, POSITION_TITLE_NAME, POSITION_LEVEL, HIRING_MANAGER_ID, HUMAN_RESOURCES_ID, JOB_LOCATION_TOWN, JOB_LOCATION_STATE, REQUESTED_EXPERIENCE) 
VALUES (40006, 'Software Engineer', 'Associate', 20005, 10009, 'Rocky Hill', 'CT', 0);

INSERT INTO MAZ18012.JOB_REQ (JOB_REQ_ID, POSITION_TITLE_NAME, POSITION_LEVEL, HIRING_MANAGER_ID, HUMAN_RESOURCES_ID, JOB_LOCATION_TOWN, JOB_LOCATION_STATE, REQUESTED_EXPERIENCE) 
VALUES (40007, 'Financial Specialist', 'Senior', 20005, 10010, 'Hartford', 'CT', 8);

INSERT INTO MAZ18012.JOB_REQ (JOB_REQ_ID, POSITION_TITLE_NAME, POSITION_LEVEL, HIRING_MANAGER_ID, HUMAN_RESOURCES_ID, JOB_LOCATION_TOWN, JOB_LOCATION_STATE, REQUESTED_EXPERIENCE) 
VALUES (40008, 'Design Engineer', 'Associate', 20007, 10007, 'Rocky Hill', 'CT', 3);

INSERT INTO MAZ18012.JOB_REQ (JOB_REQ_ID, POSITION_TITLE_NAME, POSITION_LEVEL, HIRING_MANAGER_ID, HUMAN_RESOURCES_ID, JOB_LOCATION_TOWN, JOB_LOCATION_STATE, REQUESTED_EXPERIENCE) 
VALUES (40009, 'Electrical Engineer', 'Senior', 20009, 10006, 'Hartford', 'CT', 7);

INSERT INTO MAZ18012.JOB_REQ (JOB_REQ_ID, POSITION_TITLE_NAME, POSITION_LEVEL, HIRING_MANAGER_ID, HUMAN_RESOURCES_ID, JOB_LOCATION_TOWN, JOB_LOCATION_STATE, REQUESTED_EXPERIENCE) 
VALUES (40010, 'Project Engineer', 'Intermediate', 20002, 10013, 'Rocky Hill', 'CT', 6);

INSERT INTO MAZ18012.JOB_REQ (JOB_REQ_ID, POSITION_TITLE_NAME, POSITION_LEVEL, HIRING_MANAGER_ID, HUMAN_RESOURCES_ID, JOB_LOCATION_TOWN, JOB_LOCATION_STATE, REQUESTED_EXPERIENCE) 
VALUES (40011, 'HR Representative', 'Intermediate', 20004, 10008, 'Berlin', 'CT', 6);

INSERT INTO MAZ18012.JOB_REQ (JOB_REQ_ID, POSITION_TITLE_NAME, POSITION_LEVEL, HIRING_MANAGER_ID, HUMAN_RESOURCES_ID, JOB_LOCATION_TOWN, JOB_LOCATION_STATE, REQUESTED_EXPERIENCE) 
VALUES (40012, 'Planner', 'Associate', 20002, 10006, 'Hamden', 'CT', 2);

INSERT INTO MAZ18012.JOB_REQ (JOB_REQ_ID, POSITION_TITLE_NAME, POSITION_LEVEL, HIRING_MANAGER_ID, HUMAN_RESOURCES_ID, JOB_LOCATION_TOWN, JOB_LOCATION_STATE, REQUESTED_EXPERIENCE) 
VALUES (40013, 'Data Analyst', 'Intermediate', 20010, 10007, 'Deep River', 'CT', 4);

INSERT INTO MAZ18012.JOB_REQ (JOB_REQ_ID, POSITION_TITLE_NAME, POSITION_LEVEL, HIRING_MANAGER_ID, HUMAN_RESOURCES_ID, JOB_LOCATION_TOWN, JOB_LOCATION_STATE, REQUESTED_EXPERIENCE) 
VALUES (40014, 'Data Analyst', 'Associate', 20001, 10011, 'Deep River', 'CT', 2);

INSERT INTO MAZ18012.JOB_REQ (JOB_REQ_ID, POSITION_TITLE_NAME, POSITION_LEVEL, HIRING_MANAGER_ID, HUMAN_RESOURCES_ID, JOB_LOCATION_TOWN, JOB_LOCATION_STATE, REQUESTED_EXPERIENCE) 
VALUES (40015, 'Data Architect', 'Senior', 20005, 10005, 'Rocky Hill', 'CT', 7);

INSERT INTO MAZ18012.JOB_REQ (JOB_REQ_ID, POSITION_TITLE_NAME, POSITION_LEVEL, HIRING_MANAGER_ID, HUMAN_RESOURCES_ID, JOB_LOCATION_TOWN, JOB_LOCATION_STATE, REQUESTED_EXPERIENCE) 
VALUES (40016, 'Data Architect', 'Intermediate', 20003, 10013, 'Deep River', 'CT', 6);

INSERT INTO MAZ18012.JOB_REQ (JOB_REQ_ID, POSITION_TITLE_NAME, POSITION_LEVEL, HIRING_MANAGER_ID, HUMAN_RESOURCES_ID, JOB_LOCATION_TOWN, JOB_LOCATION_STATE, REQUESTED_EXPERIENCE) 
VALUES (40017, 'Data Scientist', 'Associate', 20006, 10010, 'Berlin', 'CT', 1);

INSERT INTO MAZ18012.JOB_REQ (JOB_REQ_ID, POSITION_TITLE_NAME, POSITION_LEVEL, HIRING_MANAGER_ID, HUMAN_RESOURCES_ID, JOB_LOCATION_TOWN, JOB_LOCATION_STATE, REQUESTED_EXPERIENCE) 
VALUES (40018, 'Data Scientist', 'Senior', 20004, 10014, 'Berlin', 'CT', 10);

INSERT INTO MAZ18012.JOB_REQ (JOB_REQ_ID, POSITION_TITLE_NAME, POSITION_LEVEL, HIRING_MANAGER_ID, HUMAN_RESOURCES_ID, JOB_LOCATION_TOWN, JOB_LOCATION_STATE, REQUESTED_EXPERIENCE) 
VALUES (40019, 'Hiring Manager', 'Associate', 20006, 10012, 'Berlin', 'CT', 3);

INSERT INTO MAZ18012.JOB_REQ (JOB_REQ_ID, POSITION_TITLE_NAME, POSITION_LEVEL, HIRING_MANAGER_ID, HUMAN_RESOURCES_ID, JOB_LOCATION_TOWN, JOB_LOCATION_STATE, REQUESTED_EXPERIENCE) 
VALUES (40020, 'Hiring Manager', 'Senior', 20007, 10011, 'Rocky Hill', 'CT', 7);

INSERT INTO MAZ18012.JOB_REQ (JOB_REQ_ID, POSITION_TITLE_NAME, POSITION_LEVEL, HIRING_MANAGER_ID, HUMAN_RESOURCES_ID, JOB_LOCATION_TOWN, JOB_LOCATION_STATE, REQUESTED_EXPERIENCE) 
VALUES (40021, 'Software Engineer', 'Associate', 20001, 10012, 'Deep River', 'CT', 2);

INSERT INTO MAZ18012.JOB_REQ (JOB_REQ_ID, POSITION_TITLE_NAME, POSITION_LEVEL, HIRING_MANAGER_ID, HUMAN_RESOURCES_ID, JOB_LOCATION_TOWN, JOB_LOCATION_STATE, REQUESTED_EXPERIENCE) 
VALUES (40022, 'Software Engineer', 'Senior', 20004, 10005, 'Rocky Hill', 'CT', 7);

INSERT INTO MAZ18012.JOB_REQ (JOB_REQ_ID, POSITION_TITLE_NAME, POSITION_LEVEL, HIRING_MANAGER_ID, HUMAN_RESOURCES_ID, JOB_LOCATION_TOWN, JOB_LOCATION_STATE, REQUESTED_EXPERIENCE) 
VALUES (40023, 'Welder', 'Intermediate', 20004, 10013, 'Hartford', 'CT', 4);

INSERT INTO MAZ18012.JOB_REQ (JOB_REQ_ID, POSITION_TITLE_NAME, POSITION_LEVEL, HIRING_MANAGER_ID, HUMAN_RESOURCES_ID, JOB_LOCATION_TOWN, JOB_LOCATION_STATE, REQUESTED_EXPERIENCE) 
VALUES (40024, 'Project Manager', 'Intermediate', 20001, 10001, 'Deep River', 'CT', 6);

INSERT INTO MAZ18012.JOB_REQ (JOB_REQ_ID, POSITION_TITLE_NAME, POSITION_LEVEL, HIRING_MANAGER_ID, HUMAN_RESOURCES_ID, JOB_LOCATION_TOWN, JOB_LOCATION_STATE, REQUESTED_EXPERIENCE) 
VALUES (40025, 'Project Manager', 'Associate', 20001, 10011, 'Deep River', 'CT', 1);

INSERT INTO MAZ18012.JOB_REQ (JOB_REQ_ID, POSITION_TITLE_NAME, POSITION_LEVEL, HIRING_MANAGER_ID, HUMAN_RESOURCES_ID, JOB_LOCATION_TOWN, JOB_LOCATION_STATE, REQUESTED_EXPERIENCE) 
VALUES (40026, 'Salesperson', 'Senior', 20010, 10009, 'Deep River', 'CT', 9);

INSERT INTO MAZ18012.JOB_REQ (JOB_REQ_ID, POSITION_TITLE_NAME, POSITION_LEVEL, HIRING_MANAGER_ID, HUMAN_RESOURCES_ID, JOB_LOCATION_TOWN, JOB_LOCATION_STATE, REQUESTED_EXPERIENCE) 
VALUES (40027, 'Salesperson', 'Intermediate', 20004, 10001, 'Deep River', 'CT', 6);

INSERT INTO MAZ18012.JOB_REQ (JOB_REQ_ID, POSITION_TITLE_NAME, POSITION_LEVEL, HIRING_MANAGER_ID, HUMAN_RESOURCES_ID, JOB_LOCATION_TOWN, JOB_LOCATION_STATE, REQUESTED_EXPERIENCE) 
VALUES (40028, 'Salesperson', 'Senior', 20001, 10003, 'Hamden', 'CT', 10);

INSERT INTO MAZ18012.JOB_REQ (JOB_REQ_ID, POSITION_TITLE_NAME, POSITION_LEVEL, HIRING_MANAGER_ID, HUMAN_RESOURCES_ID, JOB_LOCATION_TOWN, JOB_LOCATION_STATE, REQUESTED_EXPERIENCE) 
VALUES (40029, 'Mechanical Engineer', 'Associate', 20008, 10003, 'Berlin', 'CT', 2);

INSERT INTO MAZ18012.JOB_REQ (JOB_REQ_ID, POSITION_TITLE_NAME, POSITION_LEVEL, HIRING_MANAGER_ID, HUMAN_RESOURCES_ID, JOB_LOCATION_TOWN, JOB_LOCATION_STATE, REQUESTED_EXPERIENCE) 
VALUES (40030, 'Welder', 'Intermediate', 20003, 10008, 'Deep River', 'CT', 6);




--- Importing into Job_Req_Required_Skills


INSERT INTO MAZ18012.JOB_REQ_REQUIRED_SKILLS (JOB_SKILL_ID, JOB_REQ_ID, SKILL_ID) 
VALUES (70001, 40001, 60002);

INSERT INTO MAZ18012.JOB_REQ_REQUIRED_SKILLS (JOB_SKILL_ID, JOB_REQ_ID, SKILL_ID) 
VALUES (70002, 40001, 60003);

INSERT INTO MAZ18012.JOB_REQ_REQUIRED_SKILLS (JOB_SKILL_ID, JOB_REQ_ID, SKILL_ID) 
VALUES (70003, 40001, 60004);

INSERT INTO MAZ18012.JOB_REQ_REQUIRED_SKILLS (JOB_SKILL_ID, JOB_REQ_ID, SKILL_ID) 
VALUES (70004, 40001, 60007);

INSERT INTO MAZ18012.JOB_REQ_REQUIRED_SKILLS (JOB_SKILL_ID, JOB_REQ_ID, SKILL_ID) 
VALUES (70005, 40001, 60009);

INSERT INTO MAZ18012.JOB_REQ_REQUIRED_SKILLS (JOB_SKILL_ID, JOB_REQ_ID, SKILL_ID) 
VALUES (70006, 40001, 60014);

INSERT INTO MAZ18012.JOB_REQ_REQUIRED_SKILLS (JOB_SKILL_ID, JOB_REQ_ID, SKILL_ID) 
VALUES (70007, 40002, 60003);

INSERT INTO MAZ18012.JOB_REQ_REQUIRED_SKILLS (JOB_SKILL_ID, JOB_REQ_ID, SKILL_ID) 
VALUES (70008, 40002, 60006);

INSERT INTO MAZ18012.JOB_REQ_REQUIRED_SKILLS (JOB_SKILL_ID, JOB_REQ_ID, SKILL_ID) 
VALUES (70009, 40002, 60007);

INSERT INTO MAZ18012.JOB_REQ_REQUIRED_SKILLS (JOB_SKILL_ID, JOB_REQ_ID, SKILL_ID) 
VALUES (70010, 40002, 60008);

INSERT INTO MAZ18012.JOB_REQ_REQUIRED_SKILLS (JOB_SKILL_ID, JOB_REQ_ID, SKILL_ID) 
VALUES (70011, 40002, 60009);

INSERT INTO MAZ18012.JOB_REQ_REQUIRED_SKILLS (JOB_SKILL_ID, JOB_REQ_ID, SKILL_ID) 
VALUES (70012, 40002, 60010);

INSERT INTO MAZ18012.JOB_REQ_REQUIRED_SKILLS (JOB_SKILL_ID, JOB_REQ_ID, SKILL_ID) 
VALUES (70013, 40002, 60011);

INSERT INTO MAZ18012.JOB_REQ_REQUIRED_SKILLS (JOB_SKILL_ID, JOB_REQ_ID, SKILL_ID) 
VALUES (70014, 40002, 60014);

INSERT INTO MAZ18012.JOB_REQ_REQUIRED_SKILLS (JOB_SKILL_ID, JOB_REQ_ID, SKILL_ID) 
VALUES (70015, 40003, 60001);

INSERT INTO MAZ18012.JOB_REQ_REQUIRED_SKILLS (JOB_SKILL_ID, JOB_REQ_ID, SKILL_ID) 
VALUES (70016, 40003, 60002);

INSERT INTO MAZ18012.JOB_REQ_REQUIRED_SKILLS (JOB_SKILL_ID, JOB_REQ_ID, SKILL_ID) 
VALUES (70017, 40003, 60003);

INSERT INTO MAZ18012.JOB_REQ_REQUIRED_SKILLS (JOB_SKILL_ID, JOB_REQ_ID, SKILL_ID) 
VALUES (70018, 40003, 60004);

INSERT INTO MAZ18012.JOB_REQ_REQUIRED_SKILLS (JOB_SKILL_ID, JOB_REQ_ID, SKILL_ID) 
VALUES (70019, 40003, 60007);

INSERT INTO MAZ18012.JOB_REQ_REQUIRED_SKILLS (JOB_SKILL_ID, JOB_REQ_ID, SKILL_ID) 
VALUES (70020, 40003, 60009);

INSERT INTO MAZ18012.JOB_REQ_REQUIRED_SKILLS (JOB_SKILL_ID, JOB_REQ_ID, SKILL_ID) 
VALUES (70021, 40003, 60014);

INSERT INTO MAZ18012.JOB_REQ_REQUIRED_SKILLS (JOB_SKILL_ID, JOB_REQ_ID, SKILL_ID) 
VALUES (70022, 40004, 60001);

INSERT INTO MAZ18012.JOB_REQ_REQUIRED_SKILLS (JOB_SKILL_ID, JOB_REQ_ID, SKILL_ID) 
VALUES (70023, 40004, 60002);

INSERT INTO MAZ18012.JOB_REQ_REQUIRED_SKILLS (JOB_SKILL_ID, JOB_REQ_ID, SKILL_ID) 
VALUES (70024, 40004, 60003);

INSERT INTO MAZ18012.JOB_REQ_REQUIRED_SKILLS (JOB_SKILL_ID, JOB_REQ_ID, SKILL_ID) 
VALUES (70025, 40004, 60004);

INSERT INTO MAZ18012.JOB_REQ_REQUIRED_SKILLS (JOB_SKILL_ID, JOB_REQ_ID, SKILL_ID) 
VALUES (70026, 40004, 60005);

INSERT INTO MAZ18012.JOB_REQ_REQUIRED_SKILLS (JOB_SKILL_ID, JOB_REQ_ID, SKILL_ID) 
VALUES (70027, 40004, 60006);

INSERT INTO MAZ18012.JOB_REQ_REQUIRED_SKILLS (JOB_SKILL_ID, JOB_REQ_ID, SKILL_ID) 
VALUES (70028, 40004, 60007);

INSERT INTO MAZ18012.JOB_REQ_REQUIRED_SKILLS (JOB_SKILL_ID, JOB_REQ_ID, SKILL_ID) 
VALUES (70029, 40004, 60014);

INSERT INTO MAZ18012.JOB_REQ_REQUIRED_SKILLS (JOB_SKILL_ID, JOB_REQ_ID, SKILL_ID) 
VALUES (70030, 40005, 60001);

INSERT INTO MAZ18012.JOB_REQ_REQUIRED_SKILLS (JOB_SKILL_ID, JOB_REQ_ID, SKILL_ID) 
VALUES (70031, 40005, 60002);

INSERT INTO MAZ18012.JOB_REQ_REQUIRED_SKILLS (JOB_SKILL_ID, JOB_REQ_ID, SKILL_ID) 
VALUES (70032, 40005, 60004);

INSERT INTO MAZ18012.JOB_REQ_REQUIRED_SKILLS (JOB_SKILL_ID, JOB_REQ_ID, SKILL_ID) 
VALUES (70033, 40005, 60006);

INSERT INTO MAZ18012.JOB_REQ_REQUIRED_SKILLS (JOB_SKILL_ID, JOB_REQ_ID, SKILL_ID) 
VALUES (70034, 40005, 60008);

INSERT INTO MAZ18012.JOB_REQ_REQUIRED_SKILLS (JOB_SKILL_ID, JOB_REQ_ID, SKILL_ID) 
VALUES (70035, 40005, 60014);

INSERT INTO MAZ18012.JOB_REQ_REQUIRED_SKILLS (JOB_SKILL_ID, JOB_REQ_ID, SKILL_ID) 
VALUES (70036, 40006, 60001);

INSERT INTO MAZ18012.JOB_REQ_REQUIRED_SKILLS (JOB_SKILL_ID, JOB_REQ_ID, SKILL_ID) 
VALUES (70037, 40006, 60002);

INSERT INTO MAZ18012.JOB_REQ_REQUIRED_SKILLS (JOB_SKILL_ID, JOB_REQ_ID, SKILL_ID) 
VALUES (70038, 40006, 60003);

INSERT INTO MAZ18012.JOB_REQ_REQUIRED_SKILLS (JOB_SKILL_ID, JOB_REQ_ID, SKILL_ID) 
VALUES (70039, 40006, 60004);

INSERT INTO MAZ18012.JOB_REQ_REQUIRED_SKILLS (JOB_SKILL_ID, JOB_REQ_ID, SKILL_ID) 
VALUES (70040, 40006, 60007);

INSERT INTO MAZ18012.JOB_REQ_REQUIRED_SKILLS (JOB_SKILL_ID, JOB_REQ_ID, SKILL_ID) 
VALUES (70041, 40006, 60009);

INSERT INTO MAZ18012.JOB_REQ_REQUIRED_SKILLS (JOB_SKILL_ID, JOB_REQ_ID, SKILL_ID) 
VALUES (70042, 40006, 60014);

INSERT INTO MAZ18012.JOB_REQ_REQUIRED_SKILLS (JOB_SKILL_ID, JOB_REQ_ID, SKILL_ID) 
VALUES (70043, 40006, 60018);

INSERT INTO MAZ18012.JOB_REQ_REQUIRED_SKILLS (JOB_SKILL_ID, JOB_REQ_ID, SKILL_ID) 
VALUES (70044, 40007, 60003);

INSERT INTO MAZ18012.JOB_REQ_REQUIRED_SKILLS (JOB_SKILL_ID, JOB_REQ_ID, SKILL_ID) 
VALUES (70045, 40007, 60006);

INSERT INTO MAZ18012.JOB_REQ_REQUIRED_SKILLS (JOB_SKILL_ID, JOB_REQ_ID, SKILL_ID) 
VALUES (70046, 40007, 60007);

INSERT INTO MAZ18012.JOB_REQ_REQUIRED_SKILLS (JOB_SKILL_ID, JOB_REQ_ID, SKILL_ID) 
VALUES (70047, 40007, 60008);

INSERT INTO MAZ18012.JOB_REQ_REQUIRED_SKILLS (JOB_SKILL_ID, JOB_REQ_ID, SKILL_ID) 
VALUES (70048, 40007, 60009);

INSERT INTO MAZ18012.JOB_REQ_REQUIRED_SKILLS (JOB_SKILL_ID, JOB_REQ_ID, SKILL_ID) 
VALUES (70049, 40007, 60010);

INSERT INTO MAZ18012.JOB_REQ_REQUIRED_SKILLS (JOB_SKILL_ID, JOB_REQ_ID, SKILL_ID) 
VALUES (70050, 40007, 60011);

INSERT INTO MAZ18012.JOB_REQ_REQUIRED_SKILLS (JOB_SKILL_ID, JOB_REQ_ID, SKILL_ID) 
VALUES (70051, 40007, 60014);

INSERT INTO MAZ18012.JOB_REQ_REQUIRED_SKILLS (JOB_SKILL_ID, JOB_REQ_ID, SKILL_ID) 
VALUES (70052, 40008, 60001);

INSERT INTO MAZ18012.JOB_REQ_REQUIRED_SKILLS (JOB_SKILL_ID, JOB_REQ_ID, SKILL_ID) 
VALUES (70053, 40008, 60002);

INSERT INTO MAZ18012.JOB_REQ_REQUIRED_SKILLS (JOB_SKILL_ID, JOB_REQ_ID, SKILL_ID) 
VALUES (70054, 40008, 60003);

INSERT INTO MAZ18012.JOB_REQ_REQUIRED_SKILLS (JOB_SKILL_ID, JOB_REQ_ID, SKILL_ID) 
VALUES (70055, 40008, 60004);

INSERT INTO MAZ18012.JOB_REQ_REQUIRED_SKILLS (JOB_SKILL_ID, JOB_REQ_ID, SKILL_ID) 
VALUES (70056, 40008, 60007);

INSERT INTO MAZ18012.JOB_REQ_REQUIRED_SKILLS (JOB_SKILL_ID, JOB_REQ_ID, SKILL_ID) 
VALUES (70057, 40008, 60009);

INSERT INTO MAZ18012.JOB_REQ_REQUIRED_SKILLS (JOB_SKILL_ID, JOB_REQ_ID, SKILL_ID) 
VALUES (70058, 40008, 60014);

INSERT INTO MAZ18012.JOB_REQ_REQUIRED_SKILLS (JOB_SKILL_ID, JOB_REQ_ID, SKILL_ID) 
VALUES (70059, 40008, 60019);

INSERT INTO MAZ18012.JOB_REQ_REQUIRED_SKILLS (JOB_SKILL_ID, JOB_REQ_ID, SKILL_ID) 
VALUES (70060, 40009, 60001);

INSERT INTO MAZ18012.JOB_REQ_REQUIRED_SKILLS (JOB_SKILL_ID, JOB_REQ_ID, SKILL_ID) 
VALUES (70061, 40009, 60002);

INSERT INTO MAZ18012.JOB_REQ_REQUIRED_SKILLS (JOB_SKILL_ID, JOB_REQ_ID, SKILL_ID) 
VALUES (70062, 40009, 60003);

INSERT INTO MAZ18012.JOB_REQ_REQUIRED_SKILLS (JOB_SKILL_ID, JOB_REQ_ID, SKILL_ID) 
VALUES (70063, 40009, 60004);

INSERT INTO MAZ18012.JOB_REQ_REQUIRED_SKILLS (JOB_SKILL_ID, JOB_REQ_ID, SKILL_ID) 
VALUES (70064, 40009, 60007);

INSERT INTO MAZ18012.JOB_REQ_REQUIRED_SKILLS (JOB_SKILL_ID, JOB_REQ_ID, SKILL_ID) 
VALUES (70065, 40009, 60009);

INSERT INTO MAZ18012.JOB_REQ_REQUIRED_SKILLS (JOB_SKILL_ID, JOB_REQ_ID, SKILL_ID) 
VALUES (70066, 40009, 60014);

INSERT INTO MAZ18012.JOB_REQ_REQUIRED_SKILLS (JOB_SKILL_ID, JOB_REQ_ID, SKILL_ID) 
VALUES (70067, 40010, 60002);

INSERT INTO MAZ18012.JOB_REQ_REQUIRED_SKILLS (JOB_SKILL_ID, JOB_REQ_ID, SKILL_ID) 
VALUES (70068, 40010, 60003);

INSERT INTO MAZ18012.JOB_REQ_REQUIRED_SKILLS (JOB_SKILL_ID, JOB_REQ_ID, SKILL_ID) 
VALUES (70069, 40010, 60004);

INSERT INTO MAZ18012.JOB_REQ_REQUIRED_SKILLS (JOB_SKILL_ID, JOB_REQ_ID, SKILL_ID) 
VALUES (70070, 40010, 60007);

INSERT INTO MAZ18012.JOB_REQ_REQUIRED_SKILLS (JOB_SKILL_ID, JOB_REQ_ID, SKILL_ID) 
VALUES (70071, 40010, 60009);

INSERT INTO MAZ18012.JOB_REQ_REQUIRED_SKILLS (JOB_SKILL_ID, JOB_REQ_ID, SKILL_ID) 
VALUES (70072, 40010, 60014);

INSERT INTO MAZ18012.JOB_REQ_REQUIRED_SKILLS (JOB_SKILL_ID, JOB_REQ_ID, SKILL_ID) 
VALUES (70073, 40011, 60001);

INSERT INTO MAZ18012.JOB_REQ_REQUIRED_SKILLS (JOB_SKILL_ID, JOB_REQ_ID, SKILL_ID) 
VALUES (70074, 40011, 60002);

INSERT INTO MAZ18012.JOB_REQ_REQUIRED_SKILLS (JOB_SKILL_ID, JOB_REQ_ID, SKILL_ID) 
VALUES (70075, 40011, 60004);

INSERT INTO MAZ18012.JOB_REQ_REQUIRED_SKILLS (JOB_SKILL_ID, JOB_REQ_ID, SKILL_ID) 
VALUES (70076, 40011, 60006);

INSERT INTO MAZ18012.JOB_REQ_REQUIRED_SKILLS (JOB_SKILL_ID, JOB_REQ_ID, SKILL_ID) 
VALUES (70077, 40012, 60002);

INSERT INTO MAZ18012.JOB_REQ_REQUIRED_SKILLS (JOB_SKILL_ID, JOB_REQ_ID, SKILL_ID) 
VALUES (70078, 40012, 60004);

INSERT INTO MAZ18012.JOB_REQ_REQUIRED_SKILLS (JOB_SKILL_ID, JOB_REQ_ID, SKILL_ID) 
VALUES (70079, 40012, 60006);

INSERT INTO MAZ18012.JOB_REQ_REQUIRED_SKILLS (JOB_SKILL_ID, JOB_REQ_ID, SKILL_ID) 
VALUES (70080, 40012, 60008);

INSERT INTO MAZ18012.JOB_REQ_REQUIRED_SKILLS (JOB_SKILL_ID, JOB_REQ_ID, SKILL_ID) 
VALUES (70081, 40012, 60014);

INSERT INTO MAZ18012.JOB_REQ_REQUIRED_SKILLS (JOB_SKILL_ID, JOB_REQ_ID, SKILL_ID) 
VALUES (70082, 40013, 60003);

INSERT INTO MAZ18012.JOB_REQ_REQUIRED_SKILLS (JOB_SKILL_ID, JOB_REQ_ID, SKILL_ID) 
VALUES (70083, 40013, 60006);

INSERT INTO MAZ18012.JOB_REQ_REQUIRED_SKILLS (JOB_SKILL_ID, JOB_REQ_ID, SKILL_ID) 
VALUES (70084, 40013, 60007);

INSERT INTO MAZ18012.JOB_REQ_REQUIRED_SKILLS (JOB_SKILL_ID, JOB_REQ_ID, SKILL_ID) 
VALUES (70085, 40013, 60008);

INSERT INTO MAZ18012.JOB_REQ_REQUIRED_SKILLS (JOB_SKILL_ID, JOB_REQ_ID, SKILL_ID) 
VALUES (70086, 40013, 60009);

INSERT INTO MAZ18012.JOB_REQ_REQUIRED_SKILLS (JOB_SKILL_ID, JOB_REQ_ID, SKILL_ID) 
VALUES (70087, 40013, 60012);

INSERT INTO MAZ18012.JOB_REQ_REQUIRED_SKILLS (JOB_SKILL_ID, JOB_REQ_ID, SKILL_ID) 
VALUES (70088, 40013, 60013);

INSERT INTO MAZ18012.JOB_REQ_REQUIRED_SKILLS (JOB_SKILL_ID, JOB_REQ_ID, SKILL_ID) 
VALUES (70089, 40014, 60003);

INSERT INTO MAZ18012.JOB_REQ_REQUIRED_SKILLS (JOB_SKILL_ID, JOB_REQ_ID, SKILL_ID) 
VALUES (70090, 40014, 60006);

INSERT INTO MAZ18012.JOB_REQ_REQUIRED_SKILLS (JOB_SKILL_ID, JOB_REQ_ID, SKILL_ID) 
VALUES (70091, 40014, 60007);

INSERT INTO MAZ18012.JOB_REQ_REQUIRED_SKILLS (JOB_SKILL_ID, JOB_REQ_ID, SKILL_ID) 
VALUES (70092, 40014, 60008);

INSERT INTO MAZ18012.JOB_REQ_REQUIRED_SKILLS (JOB_SKILL_ID, JOB_REQ_ID, SKILL_ID) 
VALUES (70093, 40014, 60009);

INSERT INTO MAZ18012.JOB_REQ_REQUIRED_SKILLS (JOB_SKILL_ID, JOB_REQ_ID, SKILL_ID) 
VALUES (70094, 40014, 60012);

INSERT INTO MAZ18012.JOB_REQ_REQUIRED_SKILLS (JOB_SKILL_ID, JOB_REQ_ID, SKILL_ID) 
VALUES (70095, 40014, 60013);

INSERT INTO MAZ18012.JOB_REQ_REQUIRED_SKILLS (JOB_SKILL_ID, JOB_REQ_ID, SKILL_ID) 
VALUES (70096, 40015, 60003);

INSERT INTO MAZ18012.JOB_REQ_REQUIRED_SKILLS (JOB_SKILL_ID, JOB_REQ_ID, SKILL_ID) 
VALUES (70097, 40015, 60006);

INSERT INTO MAZ18012.JOB_REQ_REQUIRED_SKILLS (JOB_SKILL_ID, JOB_REQ_ID, SKILL_ID) 
VALUES (70098, 40015, 60007);

INSERT INTO MAZ18012.JOB_REQ_REQUIRED_SKILLS (JOB_SKILL_ID, JOB_REQ_ID, SKILL_ID) 
VALUES (70099, 40015, 60008);

INSERT INTO MAZ18012.JOB_REQ_REQUIRED_SKILLS (JOB_SKILL_ID, JOB_REQ_ID, SKILL_ID) 
VALUES (70100, 40015, 60009);

INSERT INTO MAZ18012.JOB_REQ_REQUIRED_SKILLS (JOB_SKILL_ID, JOB_REQ_ID, SKILL_ID) 
VALUES (70101, 40015, 60012);

INSERT INTO MAZ18012.JOB_REQ_REQUIRED_SKILLS (JOB_SKILL_ID, JOB_REQ_ID, SKILL_ID) 
VALUES (70102, 40015, 60013);

INSERT INTO MAZ18012.JOB_REQ_REQUIRED_SKILLS (JOB_SKILL_ID, JOB_REQ_ID, SKILL_ID) 
VALUES (70103, 40016, 60003);

INSERT INTO MAZ18012.JOB_REQ_REQUIRED_SKILLS (JOB_SKILL_ID, JOB_REQ_ID, SKILL_ID) 
VALUES (70104, 40016, 60006);

INSERT INTO MAZ18012.JOB_REQ_REQUIRED_SKILLS (JOB_SKILL_ID, JOB_REQ_ID, SKILL_ID) 
VALUES (70105, 40016, 60007);

INSERT INTO MAZ18012.JOB_REQ_REQUIRED_SKILLS (JOB_SKILL_ID, JOB_REQ_ID, SKILL_ID) 
VALUES (70106, 40016, 60008);

INSERT INTO MAZ18012.JOB_REQ_REQUIRED_SKILLS (JOB_SKILL_ID, JOB_REQ_ID, SKILL_ID) 
VALUES (70107, 40016, 60009);

INSERT INTO MAZ18012.JOB_REQ_REQUIRED_SKILLS (JOB_SKILL_ID, JOB_REQ_ID, SKILL_ID) 
VALUES (70108, 40016, 60012);

INSERT INTO MAZ18012.JOB_REQ_REQUIRED_SKILLS (JOB_SKILL_ID, JOB_REQ_ID, SKILL_ID) 
VALUES (70109, 40016, 60013);

INSERT INTO MAZ18012.JOB_REQ_REQUIRED_SKILLS (JOB_SKILL_ID, JOB_REQ_ID, SKILL_ID) 
VALUES (70110, 40017, 60003);

INSERT INTO MAZ18012.JOB_REQ_REQUIRED_SKILLS (JOB_SKILL_ID, JOB_REQ_ID, SKILL_ID) 
VALUES (70111, 40017, 60006);

INSERT INTO MAZ18012.JOB_REQ_REQUIRED_SKILLS (JOB_SKILL_ID, JOB_REQ_ID, SKILL_ID) 
VALUES (70112, 40017, 60007);

INSERT INTO MAZ18012.JOB_REQ_REQUIRED_SKILLS (JOB_SKILL_ID, JOB_REQ_ID, SKILL_ID) 
VALUES (70113, 40017, 60008);

INSERT INTO MAZ18012.JOB_REQ_REQUIRED_SKILLS (JOB_SKILL_ID, JOB_REQ_ID, SKILL_ID) 
VALUES (70114, 40017, 60009);

INSERT INTO MAZ18012.JOB_REQ_REQUIRED_SKILLS (JOB_SKILL_ID, JOB_REQ_ID, SKILL_ID) 
VALUES (70115, 40017, 60012);

INSERT INTO MAZ18012.JOB_REQ_REQUIRED_SKILLS (JOB_SKILL_ID, JOB_REQ_ID, SKILL_ID) 
VALUES (70116, 40017, 60013);

INSERT INTO MAZ18012.JOB_REQ_REQUIRED_SKILLS (JOB_SKILL_ID, JOB_REQ_ID, SKILL_ID) 
VALUES (70117, 40018, 60003);

INSERT INTO MAZ18012.JOB_REQ_REQUIRED_SKILLS (JOB_SKILL_ID, JOB_REQ_ID, SKILL_ID) 
VALUES (70118, 40018, 60006);

INSERT INTO MAZ18012.JOB_REQ_REQUIRED_SKILLS (JOB_SKILL_ID, JOB_REQ_ID, SKILL_ID) 
VALUES (70119, 40018, 60007);

INSERT INTO MAZ18012.JOB_REQ_REQUIRED_SKILLS (JOB_SKILL_ID, JOB_REQ_ID, SKILL_ID) 
VALUES (70120, 40018, 60008);

INSERT INTO MAZ18012.JOB_REQ_REQUIRED_SKILLS (JOB_SKILL_ID, JOB_REQ_ID, SKILL_ID) 
VALUES (70121, 40018, 60009);

INSERT INTO MAZ18012.JOB_REQ_REQUIRED_SKILLS (JOB_SKILL_ID, JOB_REQ_ID, SKILL_ID) 
VALUES (70122, 40018, 60012);

INSERT INTO MAZ18012.JOB_REQ_REQUIRED_SKILLS (JOB_SKILL_ID, JOB_REQ_ID, SKILL_ID) 
VALUES (70123, 40018, 60013);

INSERT INTO MAZ18012.JOB_REQ_REQUIRED_SKILLS (JOB_SKILL_ID, JOB_REQ_ID, SKILL_ID) 
VALUES (70124, 40019, 60001);

INSERT INTO MAZ18012.JOB_REQ_REQUIRED_SKILLS (JOB_SKILL_ID, JOB_REQ_ID, SKILL_ID) 
VALUES (70125, 40019, 60002);

INSERT INTO MAZ18012.JOB_REQ_REQUIRED_SKILLS (JOB_SKILL_ID, JOB_REQ_ID, SKILL_ID) 
VALUES (70126, 40019, 60004);

INSERT INTO MAZ18012.JOB_REQ_REQUIRED_SKILLS (JOB_SKILL_ID, JOB_REQ_ID, SKILL_ID) 
VALUES (70127, 40019, 60005);

INSERT INTO MAZ18012.JOB_REQ_REQUIRED_SKILLS (JOB_SKILL_ID, JOB_REQ_ID, SKILL_ID) 
VALUES (70128, 40019, 60006);

INSERT INTO MAZ18012.JOB_REQ_REQUIRED_SKILLS (JOB_SKILL_ID, JOB_REQ_ID, SKILL_ID) 
VALUES (70129, 40019, 60007);

INSERT INTO MAZ18012.JOB_REQ_REQUIRED_SKILLS (JOB_SKILL_ID, JOB_REQ_ID, SKILL_ID) 
VALUES (70130, 40020, 60001);

INSERT INTO MAZ18012.JOB_REQ_REQUIRED_SKILLS (JOB_SKILL_ID, JOB_REQ_ID, SKILL_ID) 
VALUES (70131, 40020, 60002);

INSERT INTO MAZ18012.JOB_REQ_REQUIRED_SKILLS (JOB_SKILL_ID, JOB_REQ_ID, SKILL_ID) 
VALUES (70132, 40020, 60004);

INSERT INTO MAZ18012.JOB_REQ_REQUIRED_SKILLS (JOB_SKILL_ID, JOB_REQ_ID, SKILL_ID) 
VALUES (70133, 40020, 60005);

INSERT INTO MAZ18012.JOB_REQ_REQUIRED_SKILLS (JOB_SKILL_ID, JOB_REQ_ID, SKILL_ID) 
VALUES (70134, 40020, 60006);

INSERT INTO MAZ18012.JOB_REQ_REQUIRED_SKILLS (JOB_SKILL_ID, JOB_REQ_ID, SKILL_ID) 
VALUES (70135, 40020, 60007);

INSERT INTO MAZ18012.JOB_REQ_REQUIRED_SKILLS (JOB_SKILL_ID, JOB_REQ_ID, SKILL_ID) 
VALUES (70136, 40021, 60001);

INSERT INTO MAZ18012.JOB_REQ_REQUIRED_SKILLS (JOB_SKILL_ID, JOB_REQ_ID, SKILL_ID) 
VALUES (70137, 40021, 60002);

INSERT INTO MAZ18012.JOB_REQ_REQUIRED_SKILLS (JOB_SKILL_ID, JOB_REQ_ID, SKILL_ID) 
VALUES (70138, 40021, 60003);

INSERT INTO MAZ18012.JOB_REQ_REQUIRED_SKILLS (JOB_SKILL_ID, JOB_REQ_ID, SKILL_ID) 
VALUES (70139, 40021, 60004);

INSERT INTO MAZ18012.JOB_REQ_REQUIRED_SKILLS (JOB_SKILL_ID, JOB_REQ_ID, SKILL_ID) 
VALUES (70140, 40021, 60007);

INSERT INTO MAZ18012.JOB_REQ_REQUIRED_SKILLS (JOB_SKILL_ID, JOB_REQ_ID, SKILL_ID) 
VALUES (70141, 40021, 60009);

INSERT INTO MAZ18012.JOB_REQ_REQUIRED_SKILLS (JOB_SKILL_ID, JOB_REQ_ID, SKILL_ID) 
VALUES (70142, 40021, 60014);

INSERT INTO MAZ18012.JOB_REQ_REQUIRED_SKILLS (JOB_SKILL_ID, JOB_REQ_ID, SKILL_ID) 
VALUES (70143, 40021, 60018);

INSERT INTO MAZ18012.JOB_REQ_REQUIRED_SKILLS (JOB_SKILL_ID, JOB_REQ_ID, SKILL_ID) 
VALUES (70144, 40022, 60001);

INSERT INTO MAZ18012.JOB_REQ_REQUIRED_SKILLS (JOB_SKILL_ID, JOB_REQ_ID, SKILL_ID) 
VALUES (70145, 40022, 60002);

INSERT INTO MAZ18012.JOB_REQ_REQUIRED_SKILLS (JOB_SKILL_ID, JOB_REQ_ID, SKILL_ID) 
VALUES (70146, 40022, 60003);

INSERT INTO MAZ18012.JOB_REQ_REQUIRED_SKILLS (JOB_SKILL_ID, JOB_REQ_ID, SKILL_ID) 
VALUES (70147, 40022, 60004);

INSERT INTO MAZ18012.JOB_REQ_REQUIRED_SKILLS (JOB_SKILL_ID, JOB_REQ_ID, SKILL_ID) 
VALUES (70148, 40022, 60007);

INSERT INTO MAZ18012.JOB_REQ_REQUIRED_SKILLS (JOB_SKILL_ID, JOB_REQ_ID, SKILL_ID) 
VALUES (70149, 40022, 60009);

INSERT INTO MAZ18012.JOB_REQ_REQUIRED_SKILLS (JOB_SKILL_ID, JOB_REQ_ID, SKILL_ID) 
VALUES (70150, 40022, 60014);

INSERT INTO MAZ18012.JOB_REQ_REQUIRED_SKILLS (JOB_SKILL_ID, JOB_REQ_ID, SKILL_ID) 
VALUES (70151, 40022, 60018);

INSERT INTO MAZ18012.JOB_REQ_REQUIRED_SKILLS (JOB_SKILL_ID, JOB_REQ_ID, SKILL_ID) 
VALUES (70152, 40023, 60001);

INSERT INTO MAZ18012.JOB_REQ_REQUIRED_SKILLS (JOB_SKILL_ID, JOB_REQ_ID, SKILL_ID) 
VALUES (70153, 40023, 60004);

INSERT INTO MAZ18012.JOB_REQ_REQUIRED_SKILLS (JOB_SKILL_ID, JOB_REQ_ID, SKILL_ID) 
VALUES (70154, 40023, 60006);

INSERT INTO MAZ18012.JOB_REQ_REQUIRED_SKILLS (JOB_SKILL_ID, JOB_REQ_ID, SKILL_ID) 
VALUES (70155, 40023, 60015);

INSERT INTO MAZ18012.JOB_REQ_REQUIRED_SKILLS (JOB_SKILL_ID, JOB_REQ_ID, SKILL_ID) 
VALUES (70156, 40023, 60016);

INSERT INTO MAZ18012.JOB_REQ_REQUIRED_SKILLS (JOB_SKILL_ID, JOB_REQ_ID, SKILL_ID) 
VALUES (70157, 40023, 60017);

INSERT INTO MAZ18012.JOB_REQ_REQUIRED_SKILLS (JOB_SKILL_ID, JOB_REQ_ID, SKILL_ID) 
VALUES (70158, 40024, 60001);

INSERT INTO MAZ18012.JOB_REQ_REQUIRED_SKILLS (JOB_SKILL_ID, JOB_REQ_ID, SKILL_ID) 
VALUES (70159, 40024, 60002);

INSERT INTO MAZ18012.JOB_REQ_REQUIRED_SKILLS (JOB_SKILL_ID, JOB_REQ_ID, SKILL_ID) 
VALUES (70160, 40024, 60003);

INSERT INTO MAZ18012.JOB_REQ_REQUIRED_SKILLS (JOB_SKILL_ID, JOB_REQ_ID, SKILL_ID) 
VALUES (70161, 40024, 60004);

INSERT INTO MAZ18012.JOB_REQ_REQUIRED_SKILLS (JOB_SKILL_ID, JOB_REQ_ID, SKILL_ID) 
VALUES (70162, 40024, 60005);

INSERT INTO MAZ18012.JOB_REQ_REQUIRED_SKILLS (JOB_SKILL_ID, JOB_REQ_ID, SKILL_ID) 
VALUES (70163, 40024, 60006);

INSERT INTO MAZ18012.JOB_REQ_REQUIRED_SKILLS (JOB_SKILL_ID, JOB_REQ_ID, SKILL_ID) 
VALUES (70164, 40024, 60007);

INSERT INTO MAZ18012.JOB_REQ_REQUIRED_SKILLS (JOB_SKILL_ID, JOB_REQ_ID, SKILL_ID) 
VALUES (70165, 40024, 60014);

INSERT INTO MAZ18012.JOB_REQ_REQUIRED_SKILLS (JOB_SKILL_ID, JOB_REQ_ID, SKILL_ID) 
VALUES (70166, 40025, 60001);

INSERT INTO MAZ18012.JOB_REQ_REQUIRED_SKILLS (JOB_SKILL_ID, JOB_REQ_ID, SKILL_ID) 
VALUES (70167, 40025, 60002);

INSERT INTO MAZ18012.JOB_REQ_REQUIRED_SKILLS (JOB_SKILL_ID, JOB_REQ_ID, SKILL_ID) 
VALUES (70168, 40025, 60003);

INSERT INTO MAZ18012.JOB_REQ_REQUIRED_SKILLS (JOB_SKILL_ID, JOB_REQ_ID, SKILL_ID) 
VALUES (70169, 40025, 60004);

INSERT INTO MAZ18012.JOB_REQ_REQUIRED_SKILLS (JOB_SKILL_ID, JOB_REQ_ID, SKILL_ID) 
VALUES (70170, 40025, 60005);

INSERT INTO MAZ18012.JOB_REQ_REQUIRED_SKILLS (JOB_SKILL_ID, JOB_REQ_ID, SKILL_ID) 
VALUES (70171, 40025, 60006);

INSERT INTO MAZ18012.JOB_REQ_REQUIRED_SKILLS (JOB_SKILL_ID, JOB_REQ_ID, SKILL_ID) 
VALUES (70172, 40025, 60007);

INSERT INTO MAZ18012.JOB_REQ_REQUIRED_SKILLS (JOB_SKILL_ID, JOB_REQ_ID, SKILL_ID) 
VALUES (70173, 40025, 60014);

INSERT INTO MAZ18012.JOB_REQ_REQUIRED_SKILLS (JOB_SKILL_ID, JOB_REQ_ID, SKILL_ID) 
VALUES (70174, 40026, 60002);

INSERT INTO MAZ18012.JOB_REQ_REQUIRED_SKILLS (JOB_SKILL_ID, JOB_REQ_ID, SKILL_ID) 
VALUES (70175, 40026, 60004);

INSERT INTO MAZ18012.JOB_REQ_REQUIRED_SKILLS (JOB_SKILL_ID, JOB_REQ_ID, SKILL_ID) 
VALUES (70176, 40026, 60007);

INSERT INTO MAZ18012.JOB_REQ_REQUIRED_SKILLS (JOB_SKILL_ID, JOB_REQ_ID, SKILL_ID) 
VALUES (70177, 40027, 60002);

INSERT INTO MAZ18012.JOB_REQ_REQUIRED_SKILLS (JOB_SKILL_ID, JOB_REQ_ID, SKILL_ID) 
VALUES (70178, 40027, 60004);

INSERT INTO MAZ18012.JOB_REQ_REQUIRED_SKILLS (JOB_SKILL_ID, JOB_REQ_ID, SKILL_ID) 
VALUES (70179, 40027, 60007);

INSERT INTO MAZ18012.JOB_REQ_REQUIRED_SKILLS (JOB_SKILL_ID, JOB_REQ_ID, SKILL_ID) 
VALUES (70180, 40028, 60002);

INSERT INTO MAZ18012.JOB_REQ_REQUIRED_SKILLS (JOB_SKILL_ID, JOB_REQ_ID, SKILL_ID) 
VALUES (70181, 40028, 60004);

INSERT INTO MAZ18012.JOB_REQ_REQUIRED_SKILLS (JOB_SKILL_ID, JOB_REQ_ID, SKILL_ID) 
VALUES (70182, 40028, 60007);

INSERT INTO MAZ18012.JOB_REQ_REQUIRED_SKILLS (JOB_SKILL_ID, JOB_REQ_ID, SKILL_ID) 
VALUES (70183, 40029, 60001);

INSERT INTO MAZ18012.JOB_REQ_REQUIRED_SKILLS (JOB_SKILL_ID, JOB_REQ_ID, SKILL_ID) 
VALUES (70184, 40029, 60003);

INSERT INTO MAZ18012.JOB_REQ_REQUIRED_SKILLS (JOB_SKILL_ID, JOB_REQ_ID, SKILL_ID) 
VALUES (70185, 40029, 60006);

INSERT INTO MAZ18012.JOB_REQ_REQUIRED_SKILLS (JOB_SKILL_ID, JOB_REQ_ID, SKILL_ID) 
VALUES (70186, 40029, 60007);

INSERT INTO MAZ18012.JOB_REQ_REQUIRED_SKILLS (JOB_SKILL_ID, JOB_REQ_ID, SKILL_ID) 
VALUES (70187, 40029, 60014);

INSERT INTO MAZ18012.JOB_REQ_REQUIRED_SKILLS (JOB_SKILL_ID, JOB_REQ_ID, SKILL_ID) 
VALUES (70188, 40030, 60001);

INSERT INTO MAZ18012.JOB_REQ_REQUIRED_SKILLS (JOB_SKILL_ID, JOB_REQ_ID, SKILL_ID) 
VALUES (70189, 40030, 60004);

INSERT INTO MAZ18012.JOB_REQ_REQUIRED_SKILLS (JOB_SKILL_ID, JOB_REQ_ID, SKILL_ID) 
VALUES (70190, 40030, 60006);

INSERT INTO MAZ18012.JOB_REQ_REQUIRED_SKILLS (JOB_SKILL_ID, JOB_REQ_ID, SKILL_ID) 
VALUES (70191, 40030, 60015);

INSERT INTO MAZ18012.JOB_REQ_REQUIRED_SKILLS (JOB_SKILL_ID, JOB_REQ_ID, SKILL_ID) 
VALUES (70192, 40030, 60016);

INSERT INTO MAZ18012.JOB_REQ_REQUIRED_SKILLS (JOB_SKILL_ID, JOB_REQ_ID, SKILL_ID) 
VALUES (70193, 40030, 60017);



--- Importing into Job_Req_Applications

INSERT INTO MAZ18012.JOB_REQ_APPLICATIONS (JOB_APPLICATION_ID, JOB_REQ_ID, APPLICANT_ID, APPLICANT_REQUESTED_SALARY, APPLICATION_STATUS, APPLICATION_DATE, APPLICATION_ROUND, APPLICANT_RANK, OFFER_EXTENDED, OFFER_ACCEPTED) 
VALUES (50119, 40020, 30130, NULL, '0', to_date('6/29/2021', 'MM/DD/RRRR'), 3, 1, '1', '0');

INSERT INTO MAZ18012.JOB_REQ_APPLICATIONS (JOB_APPLICATION_ID, JOB_REQ_ID, APPLICANT_ID, APPLICANT_REQUESTED_SALARY, APPLICATION_STATUS, APPLICATION_DATE, APPLICATION_ROUND, APPLICANT_RANK, OFFER_EXTENDED, OFFER_ACCEPTED) 
VALUES (50085, 40015, 30047, NULL, '1', to_date('2/8/2021', 'MM/DD/RRRR'), 3, 2, '1', '0');

INSERT INTO MAZ18012.JOB_REQ_APPLICATIONS (JOB_APPLICATION_ID, JOB_REQ_ID, APPLICANT_ID, APPLICANT_REQUESTED_SALARY, APPLICATION_STATUS, APPLICATION_DATE, APPLICATION_ROUND, APPLICANT_RANK, OFFER_EXTENDED, OFFER_ACCEPTED) 
VALUES (50169, 40009, 30147, NULL, '1', to_date('8/10/2021', 'MM/DD/RRRR'), 3, 4, '', '');

INSERT INTO MAZ18012.JOB_REQ_APPLICATIONS (JOB_APPLICATION_ID, JOB_REQ_ID, APPLICANT_ID, APPLICANT_REQUESTED_SALARY, APPLICATION_STATUS, APPLICATION_DATE, APPLICATION_ROUND, APPLICANT_RANK, OFFER_EXTENDED, OFFER_ACCEPTED) 
VALUES (50108, 40005, 30004, NULL, '1', to_date('11/29/2020', 'MM/DD/RRRR'), 3, 1, '1', '1');

INSERT INTO MAZ18012.JOB_REQ_APPLICATIONS (JOB_APPLICATION_ID, JOB_REQ_ID, APPLICANT_ID, APPLICANT_REQUESTED_SALARY, APPLICATION_STATUS, APPLICATION_DATE, APPLICATION_ROUND, APPLICANT_RANK, OFFER_EXTENDED, OFFER_ACCEPTED) 
VALUES (50146, 40025, 30005, NULL, '0', to_date('11/29/2020', 'MM/DD/RRRR'), 3, 3, '', '');

INSERT INTO MAZ18012.JOB_REQ_APPLICATIONS (JOB_APPLICATION_ID, JOB_REQ_ID, APPLICANT_ID, APPLICANT_REQUESTED_SALARY, APPLICATION_STATUS, APPLICATION_DATE, APPLICATION_ROUND, APPLICANT_RANK, OFFER_EXTENDED, OFFER_ACCEPTED) 
VALUES (50191, 40023, 30065, NULL, '1', to_date('3/20/2021', 'MM/DD/RRRR'), 3, 1, '1', '1');

INSERT INTO MAZ18012.JOB_REQ_APPLICATIONS (JOB_APPLICATION_ID, JOB_REQ_ID, APPLICANT_ID, APPLICANT_REQUESTED_SALARY, APPLICATION_STATUS, APPLICATION_DATE, APPLICATION_ROUND, APPLICANT_RANK, OFFER_EXTENDED, OFFER_ACCEPTED) 
VALUES (50012, 40009, 30143, NULL, '1', to_date('7/30/2021', 'MM/DD/RRRR'), 3, 3, '1', '');

INSERT INTO MAZ18012.JOB_REQ_APPLICATIONS (JOB_APPLICATION_ID, JOB_REQ_ID, APPLICANT_ID, APPLICANT_REQUESTED_SALARY, APPLICATION_STATUS, APPLICATION_DATE, APPLICATION_ROUND, APPLICANT_RANK, OFFER_EXTENDED, OFFER_ACCEPTED) 
VALUES (50031, 40010, 30138, NULL, '1', to_date('7/16/2021', 'MM/DD/RRRR'), 3, 3, '', '');

INSERT INTO MAZ18012.JOB_REQ_APPLICATIONS (JOB_APPLICATION_ID, JOB_REQ_ID, APPLICANT_ID, APPLICANT_REQUESTED_SALARY, APPLICATION_STATUS, APPLICATION_DATE, APPLICATION_ROUND, APPLICANT_RANK, OFFER_EXTENDED, OFFER_ACCEPTED) 
VALUES (50186, 40008, 30003, NULL, '1', to_date('11/25/2020', 'MM/DD/RRRR'), 3, 2, '1', '1');

INSERT INTO MAZ18012.JOB_REQ_APPLICATIONS (JOB_APPLICATION_ID, JOB_REQ_ID, APPLICANT_ID, APPLICANT_REQUESTED_SALARY, APPLICATION_STATUS, APPLICATION_DATE, APPLICATION_ROUND, APPLICANT_RANK, OFFER_EXTENDED, OFFER_ACCEPTED) 
VALUES (50116, 40009, 30097, NULL, '1', to_date('5/10/2021', 'MM/DD/RRRR'), 3, 2, '1', '0');

INSERT INTO MAZ18012.JOB_REQ_APPLICATIONS (JOB_APPLICATION_ID, JOB_REQ_ID, APPLICANT_ID, APPLICANT_REQUESTED_SALARY, APPLICATION_STATUS, APPLICATION_DATE, APPLICATION_ROUND, APPLICANT_RANK, OFFER_EXTENDED, OFFER_ACCEPTED) 
VALUES (50176, 40004, 30011, NULL, '1', to_date('12/8/2020', 'MM/DD/RRRR'), 3, 2, '1', '');

INSERT INTO MAZ18012.JOB_REQ_APPLICATIONS (JOB_APPLICATION_ID, JOB_REQ_ID, APPLICANT_ID, APPLICANT_REQUESTED_SALARY, APPLICATION_STATUS, APPLICATION_DATE, APPLICATION_ROUND, APPLICANT_RANK, OFFER_EXTENDED, OFFER_ACCEPTED) 
VALUES (50173, 40003, 30018, NULL, '1', to_date('12/17/2020', 'MM/DD/RRRR'), 3, 1, '1', '1');

INSERT INTO MAZ18012.JOB_REQ_APPLICATIONS (JOB_APPLICATION_ID, JOB_REQ_ID, APPLICANT_ID, APPLICANT_REQUESTED_SALARY, APPLICATION_STATUS, APPLICATION_DATE, APPLICATION_ROUND, APPLICANT_RANK, OFFER_EXTENDED, OFFER_ACCEPTED) 
VALUES (50078, 40018, 30013, NULL, '1', to_date('12/8/2020', 'MM/DD/RRRR'), 1, 3, '1', '1');

INSERT INTO MAZ18012.JOB_REQ_APPLICATIONS (JOB_APPLICATION_ID, JOB_REQ_ID, APPLICANT_ID, APPLICANT_REQUESTED_SALARY, APPLICATION_STATUS, APPLICATION_DATE, APPLICATION_ROUND, APPLICANT_RANK, OFFER_EXTENDED, OFFER_ACCEPTED) 
VALUES (50052, 40001, 30034, NULL, '1', to_date('1/15/2021', 'MM/DD/RRRR'), 3, 1, '1', '0');

INSERT INTO MAZ18012.JOB_REQ_APPLICATIONS (JOB_APPLICATION_ID, JOB_REQ_ID, APPLICANT_ID, APPLICANT_REQUESTED_SALARY, APPLICATION_STATUS, APPLICATION_DATE, APPLICATION_ROUND, APPLICANT_RANK, OFFER_EXTENDED, OFFER_ACCEPTED) 
VALUES (50013, 40028, 30049, NULL, '1', to_date('2/13/2021', 'MM/DD/RRRR'), 3, 1, '1', '0');

INSERT INTO MAZ18012.JOB_REQ_APPLICATIONS (JOB_APPLICATION_ID, JOB_REQ_ID, APPLICANT_ID, APPLICANT_REQUESTED_SALARY, APPLICATION_STATUS, APPLICATION_DATE, APPLICATION_ROUND, APPLICANT_RANK, OFFER_EXTENDED, OFFER_ACCEPTED) 
VALUES (50107, 40005, 30119, NULL, '1', to_date('6/6/2021', 'MM/DD/RRRR'), 3, 2, '', '');

INSERT INTO MAZ18012.JOB_REQ_APPLICATIONS (JOB_APPLICATION_ID, JOB_REQ_ID, APPLICANT_ID, APPLICANT_REQUESTED_SALARY, APPLICATION_STATUS, APPLICATION_DATE, APPLICATION_ROUND, APPLICANT_RANK, OFFER_EXTENDED, OFFER_ACCEPTED) 
VALUES (50020, 40011, 30060, NULL, '1', to_date('3/12/2021', 'MM/DD/RRRR'), 3, 2, '1', '1');

INSERT INTO MAZ18012.JOB_REQ_APPLICATIONS (JOB_APPLICATION_ID, JOB_REQ_ID, APPLICANT_ID, APPLICANT_REQUESTED_SALARY, APPLICATION_STATUS, APPLICATION_DATE, APPLICATION_ROUND, APPLICANT_RANK, OFFER_EXTENDED, OFFER_ACCEPTED) 
VALUES (50002, 40003, 30023, NULL, '1', to_date('12/21/2020', 'MM/DD/RRRR'), 2, 2, '', '');

INSERT INTO MAZ18012.JOB_REQ_APPLICATIONS (JOB_APPLICATION_ID, JOB_REQ_ID, APPLICANT_ID, APPLICANT_REQUESTED_SALARY, APPLICATION_STATUS, APPLICATION_DATE, APPLICATION_ROUND, APPLICANT_RANK, OFFER_EXTENDED, OFFER_ACCEPTED) 
VALUES (50076, 40022, 30059, NULL, '1', to_date('3/11/2021', 'MM/DD/RRRR'), 3, 1, '1', '1');

INSERT INTO MAZ18012.JOB_REQ_APPLICATIONS (JOB_APPLICATION_ID, JOB_REQ_ID, APPLICANT_ID, APPLICANT_REQUESTED_SALARY, APPLICATION_STATUS, APPLICATION_DATE, APPLICATION_ROUND, APPLICANT_RANK, OFFER_EXTENDED, OFFER_ACCEPTED) 
VALUES (50111, 40010, 30197, NULL, '1', to_date('11/12/2021', 'MM/DD/RRRR'), 3, 2, '', '');

INSERT INTO MAZ18012.JOB_REQ_APPLICATIONS (JOB_APPLICATION_ID, JOB_REQ_ID, APPLICANT_ID, APPLICANT_REQUESTED_SALARY, APPLICATION_STATUS, APPLICATION_DATE, APPLICATION_ROUND, APPLICANT_RANK, OFFER_EXTENDED, OFFER_ACCEPTED) 
VALUES (50100, 40004, 30056, NULL, '1', to_date('2/27/2021', 'MM/DD/RRRR'), 3, 1, '1', '0');

INSERT INTO MAZ18012.JOB_REQ_APPLICATIONS (JOB_APPLICATION_ID, JOB_REQ_ID, APPLICANT_ID, APPLICANT_REQUESTED_SALARY, APPLICATION_STATUS, APPLICATION_DATE, APPLICATION_ROUND, APPLICANT_RANK, OFFER_EXTENDED, OFFER_ACCEPTED) 
VALUES (50003, 40009, 30022, NULL, '1', to_date('12/19/2020', 'MM/DD/RRRR'), 3, 1, '1', '0');

INSERT INTO MAZ18012.JOB_REQ_APPLICATIONS (JOB_APPLICATION_ID, JOB_REQ_ID, APPLICANT_ID, APPLICANT_REQUESTED_SALARY, APPLICATION_STATUS, APPLICATION_DATE, APPLICATION_ROUND, APPLICANT_RANK, OFFER_EXTENDED, OFFER_ACCEPTED) 
VALUES (50163, 40003, 30064, NULL, '0', to_date('3/18/2021', 'MM/DD/RRRR'), 2, 3, '', '');

INSERT INTO MAZ18012.JOB_REQ_APPLICATIONS (JOB_APPLICATION_ID, JOB_REQ_ID, APPLICANT_ID, APPLICANT_REQUESTED_SALARY, APPLICATION_STATUS, APPLICATION_DATE, APPLICATION_ROUND, APPLICANT_RANK, OFFER_EXTENDED, OFFER_ACCEPTED) 
VALUES (50096, 40022, 30126, NULL, '1', to_date('6/25/2021', 'MM/DD/RRRR'), 3, 2, '', '');

INSERT INTO MAZ18012.JOB_REQ_APPLICATIONS (JOB_APPLICATION_ID, JOB_REQ_ID, APPLICANT_ID, APPLICANT_REQUESTED_SALARY, APPLICATION_STATUS, APPLICATION_DATE, APPLICATION_ROUND, APPLICANT_RANK, OFFER_EXTENDED, OFFER_ACCEPTED) 
VALUES (50106, 40015, 30052, NULL, '1', to_date('2/17/2021', 'MM/DD/RRRR'), 3, 1, '1', '0');

INSERT INTO MAZ18012.JOB_REQ_APPLICATIONS (JOB_APPLICATION_ID, JOB_REQ_ID, APPLICANT_ID, APPLICANT_REQUESTED_SALARY, APPLICATION_STATUS, APPLICATION_DATE, APPLICATION_ROUND, APPLICANT_RANK, OFFER_EXTENDED, OFFER_ACCEPTED) 
VALUES (50094, 40016, 30026, NULL, '1', to_date('12/27/2020', 'MM/DD/RRRR'), 3, 1, '1', '');

INSERT INTO MAZ18012.JOB_REQ_APPLICATIONS (JOB_APPLICATION_ID, JOB_REQ_ID, APPLICANT_ID, APPLICANT_REQUESTED_SALARY, APPLICATION_STATUS, APPLICATION_DATE, APPLICATION_ROUND, APPLICANT_RANK, OFFER_EXTENDED, OFFER_ACCEPTED) 
VALUES (50075, 40015, 30124, NULL, '1', to_date('6/19/2021', 'MM/DD/RRRR'), 3, 3, '1', '1');

INSERT INTO MAZ18012.JOB_REQ_APPLICATIONS (JOB_APPLICATION_ID, JOB_REQ_ID, APPLICANT_ID, APPLICANT_REQUESTED_SALARY, APPLICATION_STATUS, APPLICATION_DATE, APPLICATION_ROUND, APPLICANT_RANK, OFFER_EXTENDED, OFFER_ACCEPTED) 
VALUES (50017, 40010, 30017, NULL, '1', to_date('12/14/2020', 'MM/DD/RRRR'), 3, 1, '1', '');

INSERT INTO MAZ18012.JOB_REQ_APPLICATIONS (JOB_APPLICATION_ID, JOB_REQ_ID, APPLICANT_ID, APPLICANT_REQUESTED_SALARY, APPLICATION_STATUS, APPLICATION_DATE, APPLICATION_ROUND, APPLICANT_RANK, OFFER_EXTENDED, OFFER_ACCEPTED) 
VALUES (50183, 40019, 30029, NULL, '1', to_date('1/4/2021', 'MM/DD/RRRR'), 3, 2, '', '');

INSERT INTO MAZ18012.JOB_REQ_APPLICATIONS (JOB_APPLICATION_ID, JOB_REQ_ID, APPLICANT_ID, APPLICANT_REQUESTED_SALARY, APPLICATION_STATUS, APPLICATION_DATE, APPLICATION_ROUND, APPLICANT_RANK, OFFER_EXTENDED, OFFER_ACCEPTED) 
VALUES (50189, 40025, 30161, NULL, '0', to_date('9/11/2021', 'MM/DD/RRRR'), 3, 1, '1', '');

INSERT INTO MAZ18012.JOB_REQ_APPLICATIONS (JOB_APPLICATION_ID, JOB_REQ_ID, APPLICANT_ID, APPLICANT_REQUESTED_SALARY, APPLICATION_STATUS, APPLICATION_DATE, APPLICATION_ROUND, APPLICANT_RANK, OFFER_EXTENDED, OFFER_ACCEPTED) 
VALUES (50019, 40017, 30031, NULL, '1', to_date('1/8/2021', 'MM/DD/RRRR'), 3, 1, '1', '1');

INSERT INTO MAZ18012.JOB_REQ_APPLICATIONS (JOB_APPLICATION_ID, JOB_REQ_ID, APPLICANT_ID, APPLICANT_REQUESTED_SALARY, APPLICATION_STATUS, APPLICATION_DATE, APPLICATION_ROUND, APPLICANT_RANK, OFFER_EXTENDED, OFFER_ACCEPTED) 
VALUES (50069, 40023, 30088, NULL, '1', to_date('4/28/2021', 'MM/DD/RRRR'), 3, 2, '', '');

INSERT INTO MAZ18012.JOB_REQ_APPLICATIONS (JOB_APPLICATION_ID, JOB_REQ_ID, APPLICANT_ID, APPLICANT_REQUESTED_SALARY, APPLICATION_STATUS, APPLICATION_DATE, APPLICATION_ROUND, APPLICANT_RANK, OFFER_EXTENDED, OFFER_ACCEPTED) 
VALUES (50109, 40012, 30075, NULL, '1', to_date('4/1/2021', 'MM/DD/RRRR'), 3, 1, '1', '');

INSERT INTO MAZ18012.JOB_REQ_APPLICATIONS (JOB_APPLICATION_ID, JOB_REQ_ID, APPLICANT_ID, APPLICANT_REQUESTED_SALARY, APPLICATION_STATUS, APPLICATION_DATE, APPLICATION_ROUND, APPLICANT_RANK, OFFER_EXTENDED, OFFER_ACCEPTED) 
VALUES (50055, 40001, 30132, NULL, '1', to_date('7/1/2021', 'MM/DD/RRRR'), 3, 2, '1', '1');

INSERT INTO MAZ18012.JOB_REQ_APPLICATIONS (JOB_APPLICATION_ID, JOB_REQ_ID, APPLICANT_ID, APPLICANT_REQUESTED_SALARY, APPLICATION_STATUS, APPLICATION_DATE, APPLICATION_ROUND, APPLICANT_RANK, OFFER_EXTENDED, OFFER_ACCEPTED) 
VALUES (50045, 40030, 30035, NULL, '1', to_date('1/16/2021', 'MM/DD/RRRR'), 3, 1, '1', '0');

INSERT INTO MAZ18012.JOB_REQ_APPLICATIONS (JOB_APPLICATION_ID, JOB_REQ_ID, APPLICANT_ID, APPLICANT_REQUESTED_SALARY, APPLICATION_STATUS, APPLICATION_DATE, APPLICATION_ROUND, APPLICANT_RANK, OFFER_EXTENDED, OFFER_ACCEPTED) 
VALUES (50147, 40011, 30077, NULL, '1', to_date('4/7/2021', 'MM/DD/RRRR'), 3, 1, '', '');

INSERT INTO MAZ18012.JOB_REQ_APPLICATIONS (JOB_APPLICATION_ID, JOB_REQ_ID, APPLICANT_ID, APPLICANT_REQUESTED_SALARY, APPLICATION_STATUS, APPLICATION_DATE, APPLICATION_ROUND, APPLICANT_RANK, OFFER_EXTENDED, OFFER_ACCEPTED) 
VALUES (50194, 40020, 30154, NULL, '1', to_date('8/28/2021', 'MM/DD/RRRR'), 3, 2, '1', '1');

INSERT INTO MAZ18012.JOB_REQ_APPLICATIONS (JOB_APPLICATION_ID, JOB_REQ_ID, APPLICANT_ID, APPLICANT_REQUESTED_SALARY, APPLICATION_STATUS, APPLICATION_DATE, APPLICATION_ROUND, APPLICANT_RANK, OFFER_EXTENDED, OFFER_ACCEPTED) 
VALUES (50138, 40015, 30169, NULL, '1', to_date('9/29/2021', 'MM/DD/RRRR'), 3, 4, '', '');

INSERT INTO MAZ18012.JOB_REQ_APPLICATIONS (JOB_APPLICATION_ID, JOB_REQ_ID, APPLICANT_ID, APPLICANT_REQUESTED_SALARY, APPLICATION_STATUS, APPLICATION_DATE, APPLICATION_ROUND, APPLICANT_RANK, OFFER_EXTENDED, OFFER_ACCEPTED) 
VALUES (50050, 40001, 30014, NULL, '1', to_date('12/12/2020', 'MM/DD/RRRR'), 2, 3, '', '');

INSERT INTO MAZ18012.JOB_REQ_APPLICATIONS (JOB_APPLICATION_ID, JOB_REQ_ID, APPLICANT_ID, APPLICANT_REQUESTED_SALARY, APPLICATION_STATUS, APPLICATION_DATE, APPLICATION_ROUND, APPLICANT_RANK, OFFER_EXTENDED, OFFER_ACCEPTED) 
VALUES (50200, 40015, 30025, NULL, '1', to_date('12/27/2020', 'MM/DD/RRRR'), 2, 5, '', '');

INSERT INTO MAZ18012.JOB_REQ_APPLICATIONS (JOB_APPLICATION_ID, JOB_REQ_ID, APPLICANT_ID, APPLICANT_REQUESTED_SALARY, APPLICATION_STATUS, APPLICATION_DATE, APPLICATION_ROUND, APPLICANT_RANK, OFFER_EXTENDED, OFFER_ACCEPTED) 
VALUES (50079, 40006, 30041, NULL, '0', to_date('1/28/2021', 'MM/DD/RRRR'), 2, 2, '', '');

INSERT INTO MAZ18012.JOB_REQ_APPLICATIONS (JOB_APPLICATION_ID, JOB_REQ_ID, APPLICANT_ID, APPLICANT_REQUESTED_SALARY, APPLICATION_STATUS, APPLICATION_DATE, APPLICATION_ROUND, APPLICANT_RANK, OFFER_EXTENDED, OFFER_ACCEPTED) 
VALUES (50192, 40020, 30001, NULL, '1', to_date('11/24/2020', 'MM/DD/RRRR'), 2, 3, '', '');

INSERT INTO MAZ18012.JOB_REQ_APPLICATIONS (JOB_APPLICATION_ID, JOB_REQ_ID, APPLICANT_ID, APPLICANT_REQUESTED_SALARY, APPLICATION_STATUS, APPLICATION_DATE, APPLICATION_ROUND, APPLICANT_RANK, OFFER_EXTENDED, OFFER_ACCEPTED) 
VALUES (50178, 40028, 30076, NULL, '1', to_date('4/3/2021', 'MM/DD/RRRR'), 3, 2, '1', '');

INSERT INTO MAZ18012.JOB_REQ_APPLICATIONS (JOB_APPLICATION_ID, JOB_REQ_ID, APPLICANT_ID, APPLICANT_REQUESTED_SALARY, APPLICATION_STATUS, APPLICATION_DATE, APPLICATION_ROUND, APPLICANT_RANK, OFFER_EXTENDED, OFFER_ACCEPTED) 
VALUES (50033, 40007, 30107, NULL, '1', to_date('5/18/2021', 'MM/DD/RRRR'), 3, 2, '', '');

INSERT INTO MAZ18012.JOB_REQ_APPLICATIONS (JOB_APPLICATION_ID, JOB_REQ_ID, APPLICANT_ID, APPLICANT_REQUESTED_SALARY, APPLICATION_STATUS, APPLICATION_DATE, APPLICATION_ROUND, APPLICANT_RANK, OFFER_EXTENDED, OFFER_ACCEPTED) 
VALUES (50132, 40015, 30040, NULL, '1', to_date('1/25/2021', 'MM/DD/RRRR'), 2, 6, '', '');

INSERT INTO MAZ18012.JOB_REQ_APPLICATIONS (JOB_APPLICATION_ID, JOB_REQ_ID, APPLICANT_ID, APPLICANT_REQUESTED_SALARY, APPLICATION_STATUS, APPLICATION_DATE, APPLICATION_ROUND, APPLICANT_RANK, OFFER_EXTENDED, OFFER_ACCEPTED) 
VALUES (50155, 40021, 30046, NULL, '1', to_date('2/8/2021', 'MM/DD/RRRR'), 3, 2, '', '');

INSERT INTO MAZ18012.JOB_REQ_APPLICATIONS (JOB_APPLICATION_ID, JOB_REQ_ID, APPLICANT_ID, APPLICANT_REQUESTED_SALARY, APPLICATION_STATUS, APPLICATION_DATE, APPLICATION_ROUND, APPLICANT_RANK, OFFER_EXTENDED, OFFER_ACCEPTED) 
VALUES (50053, 40015, 30082, NULL, '0', to_date('4/17/2021', 'MM/DD/RRRR'), 2, 7, '', '');

INSERT INTO MAZ18012.JOB_REQ_APPLICATIONS (JOB_APPLICATION_ID, JOB_REQ_ID, APPLICANT_ID, APPLICANT_REQUESTED_SALARY, APPLICATION_STATUS, APPLICATION_DATE, APPLICATION_ROUND, APPLICANT_RANK, OFFER_EXTENDED, OFFER_ACCEPTED) 
VALUES (50001, 40017, 30086, NULL, '1', to_date('4/26/2021', 'MM/DD/RRRR'), 3, 2, '', '');

INSERT INTO MAZ18012.JOB_REQ_APPLICATIONS (JOB_APPLICATION_ID, JOB_REQ_ID, APPLICANT_ID, APPLICANT_REQUESTED_SALARY, APPLICATION_STATUS, APPLICATION_DATE, APPLICATION_ROUND, APPLICANT_RANK, OFFER_EXTENDED, OFFER_ACCEPTED) 
VALUES (50128, 40028, 30135, NULL, '1', to_date('7/10/2021', 'MM/DD/RRRR'), 3, 3, '', '');

INSERT INTO MAZ18012.JOB_REQ_APPLICATIONS (JOB_APPLICATION_ID, JOB_REQ_ID, APPLICANT_ID, APPLICANT_REQUESTED_SALARY, APPLICATION_STATUS, APPLICATION_DATE, APPLICATION_ROUND, APPLICANT_RANK, OFFER_EXTENDED, OFFER_ACCEPTED) 
VALUES (50090, 40007, 30108, NULL, '1', to_date('5/22/2021', 'MM/DD/RRRR'), 3, 1, '1', '');

INSERT INTO MAZ18012.JOB_REQ_APPLICATIONS (JOB_APPLICATION_ID, JOB_REQ_ID, APPLICANT_ID, APPLICANT_REQUESTED_SALARY, APPLICATION_STATUS, APPLICATION_DATE, APPLICATION_ROUND, APPLICANT_RANK, OFFER_EXTENDED, OFFER_ACCEPTED) 
VALUES (50066, 40024, 30057, NULL, '1', to_date('3/3/2021', 'MM/DD/RRRR'), 2, 2, '', '');

INSERT INTO MAZ18012.JOB_REQ_APPLICATIONS (JOB_APPLICATION_ID, JOB_REQ_ID, APPLICANT_ID, APPLICANT_REQUESTED_SALARY, APPLICATION_STATUS, APPLICATION_DATE, APPLICATION_ROUND, APPLICANT_RANK, OFFER_EXTENDED, OFFER_ACCEPTED) 
VALUES (50080, 40015, 30002, NULL, '0', to_date('11/25/2020', 'MM/DD/RRRR'), 1, 8, '', '');

INSERT INTO MAZ18012.JOB_REQ_APPLICATIONS (JOB_APPLICATION_ID, JOB_REQ_ID, APPLICANT_ID, APPLICANT_REQUESTED_SALARY, APPLICATION_STATUS, APPLICATION_DATE, APPLICATION_ROUND, APPLICANT_RANK, OFFER_EXTENDED, OFFER_ACCEPTED) 
VALUES (50120, 40020, 30042, NULL, '1', to_date('1/28/2021', 'MM/DD/RRRR'), 2, 4, '', '');

INSERT INTO MAZ18012.JOB_REQ_APPLICATIONS (JOB_APPLICATION_ID, JOB_REQ_ID, APPLICANT_ID, APPLICANT_REQUESTED_SALARY, APPLICATION_STATUS, APPLICATION_DATE, APPLICATION_ROUND, APPLICANT_RANK, OFFER_EXTENDED, OFFER_ACCEPTED) 
VALUES (50185, 40008, 30129, NULL, '1', to_date('6/29/2021', 'MM/DD/RRRR'), 3, 1, '1', '0');

INSERT INTO MAZ18012.JOB_REQ_APPLICATIONS (JOB_APPLICATION_ID, JOB_REQ_ID, APPLICANT_ID, APPLICANT_REQUESTED_SALARY, APPLICATION_STATUS, APPLICATION_DATE, APPLICATION_ROUND, APPLICANT_RANK, OFFER_EXTENDED, OFFER_ACCEPTED) 
VALUES (50004, 40009, 30162, NULL, '1', to_date('9/12/2021', 'MM/DD/RRRR'), 2, 10, '', '');

INSERT INTO MAZ18012.JOB_REQ_APPLICATIONS (JOB_APPLICATION_ID, JOB_REQ_ID, APPLICANT_ID, APPLICANT_REQUESTED_SALARY, APPLICATION_STATUS, APPLICATION_DATE, APPLICATION_ROUND, APPLICANT_RANK, OFFER_EXTENDED, OFFER_ACCEPTED) 
VALUES (50061, 40004, 30156, NULL, '0', to_date('8/31/2021', 'MM/DD/RRRR'), 3, 3, '', '');

INSERT INTO MAZ18012.JOB_REQ_APPLICATIONS (JOB_APPLICATION_ID, JOB_REQ_ID, APPLICANT_ID, APPLICANT_REQUESTED_SALARY, APPLICATION_STATUS, APPLICATION_DATE, APPLICATION_ROUND, APPLICANT_RANK, OFFER_EXTENDED, OFFER_ACCEPTED) 
VALUES (50083, 40024, 30114, NULL, '1', to_date('6/1/2021', 'MM/DD/RRRR'), 2, 1, '', '');

INSERT INTO MAZ18012.JOB_REQ_APPLICATIONS (JOB_APPLICATION_ID, JOB_REQ_ID, APPLICANT_ID, APPLICANT_REQUESTED_SALARY, APPLICATION_STATUS, APPLICATION_DATE, APPLICATION_ROUND, APPLICANT_RANK, OFFER_EXTENDED, OFFER_ACCEPTED) 
VALUES (50134, 40007, 30095, NULL, '0', to_date('5/5/2021', 'MM/DD/RRRR'), 2, 4, '', '');

INSERT INTO MAZ18012.JOB_REQ_APPLICATIONS (JOB_APPLICATION_ID, JOB_REQ_ID, APPLICANT_ID, APPLICANT_REQUESTED_SALARY, APPLICATION_STATUS, APPLICATION_DATE, APPLICATION_ROUND, APPLICANT_RANK, OFFER_EXTENDED, OFFER_ACCEPTED) 
VALUES (50105, 40022, 30175, NULL, '0', to_date('10/5/2021', 'MM/DD/RRRR'), 2, 3, '', '');

INSERT INTO MAZ18012.JOB_REQ_APPLICATIONS (JOB_APPLICATION_ID, JOB_REQ_ID, APPLICANT_ID, APPLICANT_REQUESTED_SALARY, APPLICATION_STATUS, APPLICATION_DATE, APPLICATION_ROUND, APPLICANT_RANK, OFFER_EXTENDED, OFFER_ACCEPTED) 
VALUES (50021, 40009, 30113, NULL, '0', to_date('5/30/2021', 'MM/DD/RRRR'), 2, 9, '', '');

INSERT INTO MAZ18012.JOB_REQ_APPLICATIONS (JOB_APPLICATION_ID, JOB_REQ_ID, APPLICANT_ID, APPLICANT_REQUESTED_SALARY, APPLICATION_STATUS, APPLICATION_DATE, APPLICATION_ROUND, APPLICANT_RANK, OFFER_EXTENDED, OFFER_ACCEPTED) 
VALUES (50145, 40023, 30032, NULL, '0', to_date('1/10/2021', 'MM/DD/RRRR'), 2, 3, '', '');

INSERT INTO MAZ18012.JOB_REQ_APPLICATIONS (JOB_APPLICATION_ID, JOB_REQ_ID, APPLICANT_ID, APPLICANT_REQUESTED_SALARY, APPLICATION_STATUS, APPLICATION_DATE, APPLICATION_ROUND, APPLICANT_RANK, OFFER_EXTENDED, OFFER_ACCEPTED) 
VALUES (50124, 40009, 30099, NULL, '0', to_date('5/13/2021', 'MM/DD/RRRR'), 2, 8, '', '');

INSERT INTO MAZ18012.JOB_REQ_APPLICATIONS (JOB_APPLICATION_ID, JOB_REQ_ID, APPLICANT_ID, APPLICANT_REQUESTED_SALARY, APPLICATION_STATUS, APPLICATION_DATE, APPLICATION_ROUND, APPLICANT_RANK, OFFER_EXTENDED, OFFER_ACCEPTED) 
VALUES (50190, 40029, 30150, NULL, '1', to_date('8/16/2021', 'MM/DD/RRRR'), 3, 2, '', '');

INSERT INTO MAZ18012.JOB_REQ_APPLICATIONS (JOB_APPLICATION_ID, JOB_REQ_ID, APPLICANT_ID, APPLICANT_REQUESTED_SALARY, APPLICATION_STATUS, APPLICATION_DATE, APPLICATION_ROUND, APPLICANT_RANK, OFFER_EXTENDED, OFFER_ACCEPTED) 
VALUES (50037, 40003, 30144, NULL, '0', to_date('8/3/2021', 'MM/DD/RRRR'), 2, 4, '', '');

INSERT INTO MAZ18012.JOB_REQ_APPLICATIONS (JOB_APPLICATION_ID, JOB_REQ_ID, APPLICANT_ID, APPLICANT_REQUESTED_SALARY, APPLICATION_STATUS, APPLICATION_DATE, APPLICATION_ROUND, APPLICANT_RANK, OFFER_EXTENDED, OFFER_ACCEPTED) 
VALUES (50141, 40023, 30061, NULL, '0', to_date('3/13/2021', 'MM/DD/RRRR'), 2, 4, '', '');

INSERT INTO MAZ18012.JOB_REQ_APPLICATIONS (JOB_APPLICATION_ID, JOB_REQ_ID, APPLICANT_ID, APPLICANT_REQUESTED_SALARY, APPLICATION_STATUS, APPLICATION_DATE, APPLICATION_ROUND, APPLICANT_RANK, OFFER_EXTENDED, OFFER_ACCEPTED) 
VALUES (50156, 40003, 30180, NULL, '0', to_date('10/15/2021', 'MM/DD/RRRR'), 2, 5, '', '');

INSERT INTO MAZ18012.JOB_REQ_APPLICATIONS (JOB_APPLICATION_ID, JOB_REQ_ID, APPLICANT_ID, APPLICANT_REQUESTED_SALARY, APPLICATION_STATUS, APPLICATION_DATE, APPLICATION_ROUND, APPLICANT_RANK, OFFER_EXTENDED, OFFER_ACCEPTED) 
VALUES (50139, 40027, 30170, NULL, '1', to_date('9/30/2021', 'MM/DD/RRRR'), 3, 1, '1', '1');

INSERT INTO MAZ18012.JOB_REQ_APPLICATIONS (JOB_APPLICATION_ID, JOB_REQ_ID, APPLICANT_ID, APPLICANT_REQUESTED_SALARY, APPLICATION_STATUS, APPLICATION_DATE, APPLICATION_ROUND, APPLICANT_RANK, OFFER_EXTENDED, OFFER_ACCEPTED) 
VALUES (50040, 40019, 30068, NULL, '0', to_date('3/24/2021', 'MM/DD/RRRR'), 3, 1, '1', '1');

INSERT INTO MAZ18012.JOB_REQ_APPLICATIONS (JOB_APPLICATION_ID, JOB_REQ_ID, APPLICANT_ID, APPLICANT_REQUESTED_SALARY, APPLICATION_STATUS, APPLICATION_DATE, APPLICATION_ROUND, APPLICANT_RANK, OFFER_EXTENDED, OFFER_ACCEPTED) 
VALUES (50195, 40019, 30069, NULL, '0', to_date('3/26/2021', 'MM/DD/RRRR'), 2, 3, '', '');

INSERT INTO MAZ18012.JOB_REQ_APPLICATIONS (JOB_APPLICATION_ID, JOB_REQ_ID, APPLICANT_ID, APPLICANT_REQUESTED_SALARY, APPLICATION_STATUS, APPLICATION_DATE, APPLICATION_ROUND, APPLICANT_RANK, OFFER_EXTENDED, OFFER_ACCEPTED) 
VALUES (50118, 40009, 30062, NULL, '1', to_date('3/14/2021', 'MM/DD/RRRR'), 2, 7, '', '');

INSERT INTO MAZ18012.JOB_REQ_APPLICATIONS (JOB_APPLICATION_ID, JOB_REQ_ID, APPLICANT_ID, APPLICANT_REQUESTED_SALARY, APPLICATION_STATUS, APPLICATION_DATE, APPLICATION_ROUND, APPLICANT_RANK, OFFER_EXTENDED, OFFER_ACCEPTED) 
VALUES (50150, 40016, 30071, NULL, '1', to_date('3/27/2021', 'MM/DD/RRRR'), 3, 2, '', '');

INSERT INTO MAZ18012.JOB_REQ_APPLICATIONS (JOB_APPLICATION_ID, JOB_REQ_ID, APPLICANT_ID, APPLICANT_REQUESTED_SALARY, APPLICATION_STATUS, APPLICATION_DATE, APPLICATION_ROUND, APPLICANT_RANK, OFFER_EXTENDED, OFFER_ACCEPTED) 
VALUES (50164, 40025, 30178, NULL, '1', to_date('10/10/2021', 'MM/DD/RRRR'), 3, 2, '', '');

INSERT INTO MAZ18012.JOB_REQ_APPLICATIONS (JOB_APPLICATION_ID, JOB_REQ_ID, APPLICANT_ID, APPLICANT_REQUESTED_SALARY, APPLICATION_STATUS, APPLICATION_DATE, APPLICATION_ROUND, APPLICANT_RANK, OFFER_EXTENDED, OFFER_ACCEPTED) 
VALUES (50046, 40009, 30009, NULL, '0', to_date('12/8/2020', 'MM/DD/RRRR'), 2, 6, '', '');

INSERT INTO MAZ18012.JOB_REQ_APPLICATIONS (JOB_APPLICATION_ID, JOB_REQ_ID, APPLICANT_ID, APPLICANT_REQUESTED_SALARY, APPLICATION_STATUS, APPLICATION_DATE, APPLICATION_ROUND, APPLICANT_RANK, OFFER_EXTENDED, OFFER_ACCEPTED) 
VALUES (50093, 40015, 30027, NULL, '0', to_date('12/30/2020', 'MM/DD/RRRR'), 1, 9, '', '');

INSERT INTO MAZ18012.JOB_REQ_APPLICATIONS (JOB_APPLICATION_ID, JOB_REQ_ID, APPLICANT_ID, APPLICANT_REQUESTED_SALARY, APPLICATION_STATUS, APPLICATION_DATE, APPLICATION_ROUND, APPLICANT_RANK, OFFER_EXTENDED, OFFER_ACCEPTED) 
VALUES (50098, 40010, 30186, NULL, '1', to_date('10/28/2021', 'MM/DD/RRRR'), 2, 6, '', '');

INSERT INTO MAZ18012.JOB_REQ_APPLICATIONS (JOB_APPLICATION_ID, JOB_REQ_ID, APPLICANT_ID, APPLICANT_REQUESTED_SALARY, APPLICATION_STATUS, APPLICATION_DATE, APPLICATION_ROUND, APPLICANT_RANK, OFFER_EXTENDED, OFFER_ACCEPTED) 
VALUES (50074, 40028, 30159, NULL, '0', to_date('9/9/2021', 'MM/DD/RRRR'), 3, 4, '', '');

INSERT INTO MAZ18012.JOB_REQ_APPLICATIONS (JOB_APPLICATION_ID, JOB_REQ_ID, APPLICANT_ID, APPLICANT_REQUESTED_SALARY, APPLICATION_STATUS, APPLICATION_DATE, APPLICATION_ROUND, APPLICANT_RANK, OFFER_EXTENDED, OFFER_ACCEPTED) 
VALUES (50165, 40009, 30007, NULL, '0', to_date('12/4/2020', 'MM/DD/RRRR'), 2, 5, '', '');

INSERT INTO MAZ18012.JOB_REQ_APPLICATIONS (JOB_APPLICATION_ID, JOB_REQ_ID, APPLICANT_ID, APPLICANT_REQUESTED_SALARY, APPLICATION_STATUS, APPLICATION_DATE, APPLICATION_ROUND, APPLICANT_RANK, OFFER_EXTENDED, OFFER_ACCEPTED) 
VALUES (50157, 40016, 30078, NULL, '1', to_date('4/9/2021', 'MM/DD/RRRR'), 3, 3, '', '');

INSERT INTO MAZ18012.JOB_REQ_APPLICATIONS (JOB_APPLICATION_ID, JOB_REQ_ID, APPLICANT_ID, APPLICANT_REQUESTED_SALARY, APPLICATION_STATUS, APPLICATION_DATE, APPLICATION_ROUND, APPLICANT_RANK, OFFER_EXTENDED, OFFER_ACCEPTED) 
VALUES (50149, 40029, 30164, NULL, '1', to_date('9/20/2021', 'MM/DD/RRRR'), 3, 1, '1', '1');

INSERT INTO MAZ18012.JOB_REQ_APPLICATIONS (JOB_APPLICATION_ID, JOB_REQ_ID, APPLICANT_ID, APPLICANT_REQUESTED_SALARY, APPLICATION_STATUS, APPLICATION_DATE, APPLICATION_ROUND, APPLICANT_RANK, OFFER_EXTENDED, OFFER_ACCEPTED) 
VALUES (50081, 40016, 30080, NULL, '0', to_date('4/13/2021', 'MM/DD/RRRR'), 3, 4, '', '');

INSERT INTO MAZ18012.JOB_REQ_APPLICATIONS (JOB_APPLICATION_ID, JOB_REQ_ID, APPLICANT_ID, APPLICANT_REQUESTED_SALARY, APPLICATION_STATUS, APPLICATION_DATE, APPLICATION_ROUND, APPLICANT_RANK, OFFER_EXTENDED, OFFER_ACCEPTED) 
VALUES (50073, 40021, 30081, NULL, '1', to_date('4/13/2021', 'MM/DD/RRRR'), 3, 1, '1', '1');

INSERT INTO MAZ18012.JOB_REQ_APPLICATIONS (JOB_APPLICATION_ID, JOB_REQ_ID, APPLICANT_ID, APPLICANT_REQUESTED_SALARY, APPLICATION_STATUS, APPLICATION_DATE, APPLICATION_ROUND, APPLICANT_RANK, OFFER_EXTENDED, OFFER_ACCEPTED) 
VALUES (50196, 40015, 30038, NULL, '1', to_date('1/20/2021', 'MM/DD/RRRR'), 1, 10, '', '');

INSERT INTO MAZ18012.JOB_REQ_APPLICATIONS (JOB_APPLICATION_ID, JOB_REQ_ID, APPLICANT_ID, APPLICANT_REQUESTED_SALARY, APPLICATION_STATUS, APPLICATION_DATE, APPLICATION_ROUND, APPLICANT_RANK, OFFER_EXTENDED, OFFER_ACCEPTED) 
VALUES (50101, 40010, 30083, NULL, '0', to_date('4/20/2021', 'MM/DD/RRRR'), 2, 5, '', '');

INSERT INTO MAZ18012.JOB_REQ_APPLICATIONS (JOB_APPLICATION_ID, JOB_REQ_ID, APPLICANT_ID, APPLICANT_REQUESTED_SALARY, APPLICATION_STATUS, APPLICATION_DATE, APPLICATION_ROUND, APPLICANT_RANK, OFFER_EXTENDED, OFFER_ACCEPTED) 
VALUES (50054, 40001, 30084, NULL, '0', to_date('4/23/2021', 'MM/DD/RRRR'), 2, 4, '', '');

INSERT INTO MAZ18012.JOB_REQ_APPLICATIONS (JOB_APPLICATION_ID, JOB_REQ_ID, APPLICANT_ID, APPLICANT_REQUESTED_SALARY, APPLICATION_STATUS, APPLICATION_DATE, APPLICATION_ROUND, APPLICANT_RANK, OFFER_EXTENDED, OFFER_ACCEPTED) 
VALUES (50130, 40002, 30085, NULL, '0', to_date('4/24/2021', 'MM/DD/RRRR'), 3, 1, '1', '1');

INSERT INTO MAZ18012.JOB_REQ_APPLICATIONS (JOB_APPLICATION_ID, JOB_REQ_ID, APPLICANT_ID, APPLICANT_REQUESTED_SALARY, APPLICATION_STATUS, APPLICATION_DATE, APPLICATION_ROUND, APPLICANT_RANK, OFFER_EXTENDED, OFFER_ACCEPTED) 
VALUES (50104, 40017, 30104, NULL, '1', to_date('5/16/2021', 'MM/DD/RRRR'), 3, 3, '', '');

INSERT INTO MAZ18012.JOB_REQ_APPLICATIONS (JOB_APPLICATION_ID, JOB_REQ_ID, APPLICANT_ID, APPLICANT_REQUESTED_SALARY, APPLICATION_STATUS, APPLICATION_DATE, APPLICATION_ROUND, APPLICANT_RANK, OFFER_EXTENDED, OFFER_ACCEPTED) 
VALUES (50112, 40014, 30102, NULL, '1', to_date('5/15/2021', 'MM/DD/RRRR'), 3, 2, '1', '1');

INSERT INTO MAZ18012.JOB_REQ_APPLICATIONS (JOB_APPLICATION_ID, JOB_REQ_ID, APPLICANT_ID, APPLICANT_REQUESTED_SALARY, APPLICATION_STATUS, APPLICATION_DATE, APPLICATION_ROUND, APPLICANT_RANK, OFFER_EXTENDED, OFFER_ACCEPTED) 
VALUES (50064, 40023, 30006, NULL, '0', to_date('12/2/2020', 'MM/DD/RRRR'), 1, 5, '', '');

INSERT INTO MAZ18012.JOB_REQ_APPLICATIONS (JOB_APPLICATION_ID, JOB_REQ_ID, APPLICANT_ID, APPLICANT_REQUESTED_SALARY, APPLICATION_STATUS, APPLICATION_DATE, APPLICATION_ROUND, APPLICANT_RANK, OFFER_EXTENDED, OFFER_ACCEPTED) 
VALUES (50188, 40018, 30089, NULL, '0', to_date('5/1/2021', 'MM/DD/RRRR'), 2, 2, '', '');

INSERT INTO MAZ18012.JOB_REQ_APPLICATIONS (JOB_APPLICATION_ID, JOB_REQ_ID, APPLICANT_ID, APPLICANT_REQUESTED_SALARY, APPLICATION_STATUS, APPLICATION_DATE, APPLICATION_ROUND, APPLICANT_RANK, OFFER_EXTENDED, OFFER_ACCEPTED) 
VALUES (50028, 40025, 30072, NULL, '1', to_date('3/27/2021', 'MM/DD/RRRR'), 2, 4, '', '');

INSERT INTO MAZ18012.JOB_REQ_APPLICATIONS (JOB_APPLICATION_ID, JOB_REQ_ID, APPLICANT_ID, APPLICANT_REQUESTED_SALARY, APPLICATION_STATUS, APPLICATION_DATE, APPLICATION_ROUND, APPLICANT_RANK, OFFER_EXTENDED, OFFER_ACCEPTED) 
VALUES (50193, 40002, 30091, NULL, '0', to_date('5/1/2021', 'MM/DD/RRRR'), 3, 2, '', '');

INSERT INTO MAZ18012.JOB_REQ_APPLICATIONS (JOB_APPLICATION_ID, JOB_REQ_ID, APPLICANT_ID, APPLICANT_REQUESTED_SALARY, APPLICATION_STATUS, APPLICATION_DATE, APPLICATION_ROUND, APPLICANT_RANK, OFFER_EXTENDED, OFFER_ACCEPTED) 
VALUES (50058, 40006, 30112, NULL, '0', to_date('5/30/2021', 'MM/DD/RRRR'), 2, 1, '', '');

INSERT INTO MAZ18012.JOB_REQ_APPLICATIONS (JOB_APPLICATION_ID, JOB_REQ_ID, APPLICANT_ID, APPLICANT_REQUESTED_SALARY, APPLICATION_STATUS, APPLICATION_DATE, APPLICATION_ROUND, APPLICANT_RANK, OFFER_EXTENDED, OFFER_ACCEPTED) 
VALUES (50084, 40014, 30134, NULL, '1', to_date('7/9/2021', 'MM/DD/RRRR'), 3, 1, '', '');

INSERT INTO MAZ18012.JOB_REQ_APPLICATIONS (JOB_APPLICATION_ID, JOB_REQ_ID, APPLICANT_ID, APPLICANT_REQUESTED_SALARY, APPLICATION_STATUS, APPLICATION_DATE, APPLICATION_ROUND, APPLICANT_RANK, OFFER_EXTENDED, OFFER_ACCEPTED) 
VALUES (50088, 40020, 30053, NULL, '1', to_date('2/21/2021', 'MM/DD/RRRR'), 2, 5, '', '');

INSERT INTO MAZ18012.JOB_REQ_APPLICATIONS (JOB_APPLICATION_ID, JOB_REQ_ID, APPLICANT_ID, APPLICANT_REQUESTED_SALARY, APPLICATION_STATUS, APPLICATION_DATE, APPLICATION_ROUND, APPLICANT_RANK, OFFER_EXTENDED, OFFER_ACCEPTED) 
VALUES (50057, 40007, 30050, NULL, '1', to_date('2/16/2021', 'MM/DD/RRRR'), 2, 3, '', '');

INSERT INTO MAZ18012.JOB_REQ_APPLICATIONS (JOB_APPLICATION_ID, JOB_REQ_ID, APPLICANT_ID, APPLICANT_REQUESTED_SALARY, APPLICATION_STATUS, APPLICATION_DATE, APPLICATION_ROUND, APPLICANT_RANK, OFFER_EXTENDED, OFFER_ACCEPTED) 
VALUES (50197, 40026, 30096, NULL, '1', to_date('5/7/2021', 'MM/DD/RRRR'), 3, 1, '1', '1');

INSERT INTO MAZ18012.JOB_REQ_APPLICATIONS (JOB_APPLICATION_ID, JOB_REQ_ID, APPLICANT_ID, APPLICANT_REQUESTED_SALARY, APPLICATION_STATUS, APPLICATION_DATE, APPLICATION_ROUND, APPLICANT_RANK, OFFER_EXTENDED, OFFER_ACCEPTED) 
VALUES (50005, 40011, 30182, NULL, '0', to_date('10/20/2021', 'MM/DD/RRRR'), 2, 4, '', '');

INSERT INTO MAZ18012.JOB_REQ_APPLICATIONS (JOB_APPLICATION_ID, JOB_REQ_ID, APPLICANT_ID, APPLICANT_REQUESTED_SALARY, APPLICATION_STATUS, APPLICATION_DATE, APPLICATION_ROUND, APPLICANT_RANK, OFFER_EXTENDED, OFFER_ACCEPTED) 
VALUES (50174, 40020, 30094, NULL, '0', to_date('5/5/2021', 'MM/DD/RRRR'), 2, 6, '', '');

INSERT INTO MAZ18012.JOB_REQ_APPLICATIONS (JOB_APPLICATION_ID, JOB_REQ_ID, APPLICANT_ID, APPLICANT_REQUESTED_SALARY, APPLICATION_STATUS, APPLICATION_DATE, APPLICATION_ROUND, APPLICANT_RANK, OFFER_EXTENDED, OFFER_ACCEPTED) 
VALUES (50038, 40010, 30073, NULL, '1', to_date('3/28/2021', 'MM/DD/RRRR'), 2, 4, '', '');

INSERT INTO MAZ18012.JOB_REQ_APPLICATIONS (JOB_APPLICATION_ID, JOB_REQ_ID, APPLICANT_ID, APPLICANT_REQUESTED_SALARY, APPLICATION_STATUS, APPLICATION_DATE, APPLICATION_ROUND, APPLICANT_RANK, OFFER_EXTENDED, OFFER_ACCEPTED) 
VALUES (50025, 40026, 30181, NULL, '1', to_date('10/17/2021', 'MM/DD/RRRR'), 2, 2, '', '');

INSERT INTO MAZ18012.JOB_REQ_APPLICATIONS (JOB_APPLICATION_ID, JOB_REQ_ID, APPLICANT_ID, APPLICANT_REQUESTED_SALARY, APPLICATION_STATUS, APPLICATION_DATE, APPLICATION_ROUND, APPLICANT_RANK, OFFER_EXTENDED, OFFER_ACCEPTED) 
VALUES (50097, 40016, 30101, NULL, '1', to_date('5/15/2021', 'MM/DD/RRRR'), 2, 5, '', '');

INSERT INTO MAZ18012.JOB_REQ_APPLICATIONS (JOB_APPLICATION_ID, JOB_REQ_ID, APPLICANT_ID, APPLICANT_REQUESTED_SALARY, APPLICATION_STATUS, APPLICATION_DATE, APPLICATION_ROUND, APPLICANT_RANK, OFFER_EXTENDED, OFFER_ACCEPTED) 
VALUES (50140, 40014, 30137, NULL, '1', to_date('7/14/2021', 'MM/DD/RRRR'), 3, 3, '', '');

INSERT INTO MAZ18012.JOB_REQ_APPLICATIONS (JOB_APPLICATION_ID, JOB_REQ_ID, APPLICANT_ID, APPLICANT_REQUESTED_SALARY, APPLICATION_STATUS, APPLICATION_DATE, APPLICATION_ROUND, APPLICANT_RANK, OFFER_EXTENDED, OFFER_ACCEPTED) 
VALUES (50175, 40011, 30054, NULL, '0', to_date('2/22/2021', 'MM/DD/RRRR'), 2, 3, '', '');

INSERT INTO MAZ18012.JOB_REQ_APPLICATIONS (JOB_APPLICATION_ID, JOB_REQ_ID, APPLICANT_ID, APPLICANT_REQUESTED_SALARY, APPLICATION_STATUS, APPLICATION_DATE, APPLICATION_ROUND, APPLICANT_RANK, OFFER_EXTENDED, OFFER_ACCEPTED) 
VALUES (50016, 40017, 30185, NULL, '0', to_date('10/26/2021', 'MM/DD/RRRR'), 2, 4, '', '');

INSERT INTO MAZ18012.JOB_REQ_APPLICATIONS (JOB_APPLICATION_ID, JOB_REQ_ID, APPLICANT_ID, APPLICANT_REQUESTED_SALARY, APPLICATION_STATUS, APPLICATION_DATE, APPLICATION_ROUND, APPLICANT_RANK, OFFER_EXTENDED, OFFER_ACCEPTED) 
VALUES (50180, 40030, 30168, NULL, '1', to_date('9/26/2021', 'MM/DD/RRRR'), 3, 2, '1', '');

INSERT INTO MAZ18012.JOB_REQ_APPLICATIONS (JOB_APPLICATION_ID, JOB_REQ_ID, APPLICANT_ID, APPLICANT_REQUESTED_SALARY, APPLICATION_STATUS, APPLICATION_DATE, APPLICATION_ROUND, APPLICANT_RANK, OFFER_EXTENDED, OFFER_ACCEPTED) 
VALUES (50159, 40014, 30106, NULL, '0', to_date('5/18/2021', 'MM/DD/RRRR'), 2, 4, '', '');

INSERT INTO MAZ18012.JOB_REQ_APPLICATIONS (JOB_APPLICATION_ID, JOB_REQ_ID, APPLICANT_ID, APPLICANT_REQUESTED_SALARY, APPLICATION_STATUS, APPLICATION_DATE, APPLICATION_ROUND, APPLICANT_RANK, OFFER_EXTENDED, OFFER_ACCEPTED) 
VALUES (50198, 40007, 30058, NULL, '1', to_date('3/7/2021', 'MM/DD/RRRR'), 1, 7, '', '');

INSERT INTO MAZ18012.JOB_REQ_APPLICATIONS (JOB_APPLICATION_ID, JOB_REQ_ID, APPLICANT_ID, APPLICANT_REQUESTED_SALARY, APPLICATION_STATUS, APPLICATION_DATE, APPLICATION_ROUND, APPLICANT_RANK, OFFER_EXTENDED, OFFER_ACCEPTED) 
VALUES (50095, 40007, 30044, NULL, '0', to_date('2/3/2021', 'MM/DD/RRRR'), 1, 6, '', '');

INSERT INTO MAZ18012.JOB_REQ_APPLICATIONS (JOB_APPLICATION_ID, JOB_REQ_ID, APPLICANT_ID, APPLICANT_REQUESTED_SALARY, APPLICATION_STATUS, APPLICATION_DATE, APPLICATION_ROUND, APPLICANT_RANK, OFFER_EXTENDED, OFFER_ACCEPTED) 
VALUES (50009, 40012, 30183, NULL, '0', to_date('10/20/2021', 'MM/DD/RRRR'), 2, 3, '', '');

INSERT INTO MAZ18012.JOB_REQ_APPLICATIONS (JOB_APPLICATION_ID, JOB_REQ_ID, APPLICANT_ID, APPLICANT_REQUESTED_SALARY, APPLICATION_STATUS, APPLICATION_DATE, APPLICATION_ROUND, APPLICANT_RANK, OFFER_EXTENDED, OFFER_ACCEPTED) 
VALUES (50070, 40016, 30110, NULL, '0', to_date('5/25/2021', 'MM/DD/RRRR'), 2, 6, '', '');

INSERT INTO MAZ18012.JOB_REQ_APPLICATIONS (JOB_APPLICATION_ID, JOB_REQ_ID, APPLICANT_ID, APPLICANT_REQUESTED_SALARY, APPLICATION_STATUS, APPLICATION_DATE, APPLICATION_ROUND, APPLICANT_RANK, OFFER_EXTENDED, OFFER_ACCEPTED) 
VALUES (50179, 40004, 30021, NULL, '0', to_date('12/19/2020', 'MM/DD/RRRR'), 2, 4, '', '');

INSERT INTO MAZ18012.JOB_REQ_APPLICATIONS (JOB_APPLICATION_ID, JOB_REQ_ID, APPLICANT_ID, APPLICANT_REQUESTED_SALARY, APPLICATION_STATUS, APPLICATION_DATE, APPLICATION_ROUND, APPLICANT_RANK, OFFER_EXTENDED, OFFER_ACCEPTED) 
VALUES (50127, 40006, 30152, NULL, '1', to_date('8/22/2021', 'MM/DD/RRRR'), 2, 3, '', '');

INSERT INTO MAZ18012.JOB_REQ_APPLICATIONS (JOB_APPLICATION_ID, JOB_REQ_ID, APPLICANT_ID, APPLICANT_REQUESTED_SALARY, APPLICATION_STATUS, APPLICATION_DATE, APPLICATION_ROUND, APPLICANT_RANK, OFFER_EXTENDED, OFFER_ACCEPTED) 
VALUES (50110, 40012, 30167, NULL, '0', to_date('9/26/2021', 'MM/DD/RRRR'), 2, 2, '', '');

INSERT INTO MAZ18012.JOB_REQ_APPLICATIONS (JOB_APPLICATION_ID, JOB_REQ_ID, APPLICANT_ID, APPLICANT_REQUESTED_SALARY, APPLICATION_STATUS, APPLICATION_DATE, APPLICATION_ROUND, APPLICANT_RANK, OFFER_EXTENDED, OFFER_ACCEPTED) 
VALUES (50072, 40024, 30051, NULL, '1', to_date('2/17/2021', 'MM/DD/RRRR'), 1, 3, '', '');

INSERT INTO MAZ18012.JOB_REQ_APPLICATIONS (JOB_APPLICATION_ID, JOB_REQ_ID, APPLICANT_ID, APPLICANT_REQUESTED_SALARY, APPLICATION_STATUS, APPLICATION_DATE, APPLICATION_ROUND, APPLICANT_RANK, OFFER_EXTENDED, OFFER_ACCEPTED) 
VALUES (50102, 40021, 30136, NULL, '0', to_date('7/13/2021', 'MM/DD/RRRR'), 3, 3, '', '');

INSERT INTO MAZ18012.JOB_REQ_APPLICATIONS (JOB_APPLICATION_ID, JOB_REQ_ID, APPLICANT_ID, APPLICANT_REQUESTED_SALARY, APPLICATION_STATUS, APPLICATION_DATE, APPLICATION_ROUND, APPLICANT_RANK, OFFER_EXTENDED, OFFER_ACCEPTED) 
VALUES (50099, 40002, 30145, NULL, '1', to_date('8/5/2021', 'MM/DD/RRRR'), 3, 3, '', '');

INSERT INTO MAZ18012.JOB_REQ_APPLICATIONS (JOB_APPLICATION_ID, JOB_REQ_ID, APPLICANT_ID, APPLICANT_REQUESTED_SALARY, APPLICATION_STATUS, APPLICATION_DATE, APPLICATION_ROUND, APPLICANT_RANK, OFFER_EXTENDED, OFFER_ACCEPTED) 
VALUES (50125, 40030, 30105, NULL, '0', to_date('5/18/2021', 'MM/DD/RRRR'), 2, 3, '', '');

INSERT INTO MAZ18012.JOB_REQ_APPLICATIONS (JOB_APPLICATION_ID, JOB_REQ_ID, APPLICANT_ID, APPLICANT_REQUESTED_SALARY, APPLICATION_STATUS, APPLICATION_DATE, APPLICATION_ROUND, APPLICANT_RANK, OFFER_EXTENDED, OFFER_ACCEPTED) 
VALUES (50010, 40023, 30118, NULL, '0', to_date('6/6/2021', 'MM/DD/RRRR'), 1, 6, '', '');

INSERT INTO MAZ18012.JOB_REQ_APPLICATIONS (JOB_APPLICATION_ID, JOB_REQ_ID, APPLICANT_ID, APPLICANT_REQUESTED_SALARY, APPLICATION_STATUS, APPLICATION_DATE, APPLICATION_ROUND, APPLICANT_RANK, OFFER_EXTENDED, OFFER_ACCEPTED) 
VALUES (50170, 40005, 30173, NULL, '0', to_date('10/5/2021', 'MM/DD/RRRR'), 2, 3, '', '');

INSERT INTO MAZ18012.JOB_REQ_APPLICATIONS (JOB_APPLICATION_ID, JOB_REQ_ID, APPLICANT_ID, APPLICANT_REQUESTED_SALARY, APPLICATION_STATUS, APPLICATION_DATE, APPLICATION_ROUND, APPLICANT_RANK, OFFER_EXTENDED, OFFER_ACCEPTED) 
VALUES (50026, 40024, 30120, NULL, '0', to_date('6/10/2021', 'MM/DD/RRRR'), 1, 4, '', '');

INSERT INTO MAZ18012.JOB_REQ_APPLICATIONS (JOB_APPLICATION_ID, JOB_REQ_ID, APPLICANT_ID, APPLICANT_REQUESTED_SALARY, APPLICATION_STATUS, APPLICATION_DATE, APPLICATION_ROUND, APPLICANT_RANK, OFFER_EXTENDED, OFFER_ACCEPTED) 
VALUES (50089, 40015, 30045, NULL, '0', to_date('2/5/2021', 'MM/DD/RRRR'), 1, 11, '', '');

INSERT INTO MAZ18012.JOB_REQ_APPLICATIONS (JOB_APPLICATION_ID, JOB_REQ_ID, APPLICANT_ID, APPLICANT_REQUESTED_SALARY, APPLICATION_STATUS, APPLICATION_DATE, APPLICATION_ROUND, APPLICANT_RANK, OFFER_EXTENDED, OFFER_ACCEPTED) 
VALUES (50161, 40026, 30193, NULL, '0', to_date('11/8/2021', 'MM/DD/RRRR'), 2, 3, '', '');

INSERT INTO MAZ18012.JOB_REQ_APPLICATIONS (JOB_APPLICATION_ID, JOB_REQ_ID, APPLICANT_ID, APPLICANT_REQUESTED_SALARY, APPLICATION_STATUS, APPLICATION_DATE, APPLICATION_ROUND, APPLICANT_RANK, OFFER_EXTENDED, OFFER_ACCEPTED) 
VALUES (50008, 40019, 30123, NULL, '1', to_date('6/16/2021', 'MM/DD/RRRR'), 2, 4, '', '');

INSERT INTO MAZ18012.JOB_REQ_APPLICATIONS (JOB_APPLICATION_ID, JOB_REQ_ID, APPLICANT_ID, APPLICANT_REQUESTED_SALARY, APPLICATION_STATUS, APPLICATION_DATE, APPLICATION_ROUND, APPLICANT_RANK, OFFER_EXTENDED, OFFER_ACCEPTED) 
VALUES (50153, 40015, 30074, NULL, '1', to_date('4/1/2021', 'MM/DD/RRRR'), 1, 12, '', '');

INSERT INTO MAZ18012.JOB_REQ_APPLICATIONS (JOB_APPLICATION_ID, JOB_REQ_ID, APPLICANT_ID, APPLICANT_REQUESTED_SALARY, APPLICATION_STATUS, APPLICATION_DATE, APPLICATION_ROUND, APPLICANT_RANK, OFFER_EXTENDED, OFFER_ACCEPTED) 
VALUES (50103, 40020, 30158, NULL, '1', to_date('9/6/2021', 'MM/DD/RRRR'), 2, 7, '', '');

INSERT INTO MAZ18012.JOB_REQ_APPLICATIONS (JOB_APPLICATION_ID, JOB_REQ_ID, APPLICANT_ID, APPLICANT_REQUESTED_SALARY, APPLICATION_STATUS, APPLICATION_DATE, APPLICATION_ROUND, APPLICANT_RANK, OFFER_EXTENDED, OFFER_ACCEPTED) 
VALUES (50043, 40022, 30019, NULL, '0', to_date('12/19/2020', 'MM/DD/RRRR'), 1, 4, '', '');

INSERT INTO MAZ18012.JOB_REQ_APPLICATIONS (JOB_APPLICATION_ID, JOB_REQ_ID, APPLICANT_ID, APPLICANT_REQUESTED_SALARY, APPLICATION_STATUS, APPLICATION_DATE, APPLICATION_ROUND, APPLICANT_RANK, OFFER_EXTENDED, OFFER_ACCEPTED) 
VALUES (50126, 40019, 30127, NULL, '0', to_date('6/29/2021', 'MM/DD/RRRR'), 2, 5, '', '');

INSERT INTO MAZ18012.JOB_REQ_APPLICATIONS (JOB_APPLICATION_ID, JOB_REQ_ID, APPLICANT_ID, APPLICANT_REQUESTED_SALARY, APPLICATION_STATUS, APPLICATION_DATE, APPLICATION_ROUND, APPLICANT_RANK, OFFER_EXTENDED, OFFER_ACCEPTED) 
VALUES (50115, 40004, 30111, NULL, '0', to_date('5/29/2021', 'MM/DD/RRRR'), 1, 5, '', '');

INSERT INTO MAZ18012.JOB_REQ_APPLICATIONS (JOB_APPLICATION_ID, JOB_REQ_ID, APPLICANT_ID, APPLICANT_REQUESTED_SALARY, APPLICATION_STATUS, APPLICATION_DATE, APPLICATION_ROUND, APPLICANT_RANK, OFFER_EXTENDED, OFFER_ACCEPTED) 
VALUES (50136, 40013, 30157, NULL, '0', to_date('9/2/2021', 'MM/DD/RRRR'), 2, 2, '', '');

INSERT INTO MAZ18012.JOB_REQ_APPLICATIONS (JOB_APPLICATION_ID, JOB_REQ_ID, APPLICANT_ID, APPLICANT_REQUESTED_SALARY, APPLICATION_STATUS, APPLICATION_DATE, APPLICATION_ROUND, APPLICANT_RANK, OFFER_EXTENDED, OFFER_ACCEPTED) 
VALUES (50182, 40020, 30192, NULL, '0', to_date('11/8/2021', 'MM/DD/RRRR'), 2, 8, '', '');

INSERT INTO MAZ18012.JOB_REQ_APPLICATIONS (JOB_APPLICATION_ID, JOB_REQ_ID, APPLICANT_ID, APPLICANT_REQUESTED_SALARY, APPLICATION_STATUS, APPLICATION_DATE, APPLICATION_ROUND, APPLICANT_RANK, OFFER_EXTENDED, OFFER_ACCEPTED) 
VALUES (50044, 40024, 30131, NULL, '0', to_date('6/29/2021', 'MM/DD/RRRR'), 1, 5, '', '');

INSERT INTO MAZ18012.JOB_REQ_APPLICATIONS (JOB_APPLICATION_ID, JOB_REQ_ID, APPLICANT_ID, APPLICANT_REQUESTED_SALARY, APPLICATION_STATUS, APPLICATION_DATE, APPLICATION_ROUND, APPLICANT_RANK, OFFER_EXTENDED, OFFER_ACCEPTED) 
VALUES (50082, 40001, 30141, NULL, '1', to_date('7/24/2021', 'MM/DD/RRRR'), 2, 5, '', '');

INSERT INTO MAZ18012.JOB_REQ_APPLICATIONS (JOB_APPLICATION_ID, JOB_REQ_ID, APPLICANT_ID, APPLICANT_REQUESTED_SALARY, APPLICATION_STATUS, APPLICATION_DATE, APPLICATION_ROUND, APPLICANT_RANK, OFFER_EXTENDED, OFFER_ACCEPTED) 
VALUES (50148, 40013, 30028, NULL, '0', to_date('1/2/2021', 'MM/DD/RRRR'), 2, 1, '', '');

INSERT INTO MAZ18012.JOB_REQ_APPLICATIONS (JOB_APPLICATION_ID, JOB_REQ_ID, APPLICANT_ID, APPLICANT_REQUESTED_SALARY, APPLICATION_STATUS, APPLICATION_DATE, APPLICATION_ROUND, APPLICANT_RANK, OFFER_EXTENDED, OFFER_ACCEPTED) 
VALUES (50024, 40014, 30087, NULL, '0', to_date('4/28/2021', 'MM/DD/RRRR'), 1, 5, '', '');

INSERT INTO MAZ18012.JOB_REQ_APPLICATIONS (JOB_APPLICATION_ID, JOB_REQ_ID, APPLICANT_ID, APPLICANT_REQUESTED_SALARY, APPLICATION_STATUS, APPLICATION_DATE, APPLICATION_ROUND, APPLICANT_RANK, OFFER_EXTENDED, OFFER_ACCEPTED) 
VALUES (50029, 40028, 30195, NULL, '0', to_date('11/12/2021', 'MM/DD/RRRR'), 3, 5, '', '');

INSERT INTO MAZ18012.JOB_REQ_APPLICATIONS (JOB_APPLICATION_ID, JOB_REQ_ID, APPLICANT_ID, APPLICANT_REQUESTED_SALARY, APPLICATION_STATUS, APPLICATION_DATE, APPLICATION_ROUND, APPLICANT_RANK, OFFER_EXTENDED, OFFER_ACCEPTED) 
VALUES (50049, 40021, 30115, NULL, '1', to_date('6/1/2021', 'MM/DD/RRRR'), 2, 4, '', '');

INSERT INTO MAZ18012.JOB_REQ_APPLICATIONS (JOB_APPLICATION_ID, JOB_REQ_ID, APPLICANT_ID, APPLICANT_REQUESTED_SALARY, APPLICATION_STATUS, APPLICATION_DATE, APPLICATION_ROUND, APPLICANT_RANK, OFFER_EXTENDED, OFFER_ACCEPTED) 
VALUES (50068, 40014, 30093, NULL, '1', to_date('5/4/2021', 'MM/DD/RRRR'), 1, 6, '', '');

INSERT INTO MAZ18012.JOB_REQ_APPLICATIONS (JOB_APPLICATION_ID, JOB_REQ_ID, APPLICANT_ID, APPLICANT_REQUESTED_SALARY, APPLICATION_STATUS, APPLICATION_DATE, APPLICATION_ROUND, APPLICANT_RANK, OFFER_EXTENDED, OFFER_ACCEPTED) 
VALUES (50023, 40009, 30070, NULL, '0', to_date('3/27/2021', 'MM/DD/RRRR'), 1, 12, '', '');

INSERT INTO MAZ18012.JOB_REQ_APPLICATIONS (JOB_APPLICATION_ID, JOB_REQ_ID, APPLICANT_ID, APPLICANT_REQUESTED_SALARY, APPLICATION_STATUS, APPLICATION_DATE, APPLICATION_ROUND, APPLICANT_RANK, OFFER_EXTENDED, OFFER_ACCEPTED) 
VALUES (50062, 40030, 30117, NULL, '0', to_date('6/6/2021', 'MM/DD/RRRR'), 2, 4, '', '');

INSERT INTO MAZ18012.JOB_REQ_APPLICATIONS (JOB_APPLICATION_ID, JOB_REQ_ID, APPLICANT_ID, APPLICANT_REQUESTED_SALARY, APPLICATION_STATUS, APPLICATION_DATE, APPLICATION_ROUND, APPLICANT_RANK, OFFER_EXTENDED, OFFER_ACCEPTED) 
VALUES (50091, 40021, 30142, NULL, '1', to_date('7/27/2021', 'MM/DD/RRRR'), 2, 5, '', '');

INSERT INTO MAZ18012.JOB_REQ_APPLICATIONS (JOB_APPLICATION_ID, JOB_REQ_ID, APPLICANT_ID, APPLICANT_REQUESTED_SALARY, APPLICATION_STATUS, APPLICATION_DATE, APPLICATION_ROUND, APPLICANT_RANK, OFFER_EXTENDED, OFFER_ACCEPTED) 
VALUES (50114, 40001, 30155, NULL, '1', to_date('8/30/2021', 'MM/DD/RRRR'), 2, 6, '', '');

INSERT INTO MAZ18012.JOB_REQ_APPLICATIONS (JOB_APPLICATION_ID, JOB_REQ_ID, APPLICANT_ID, APPLICANT_REQUESTED_SALARY, APPLICATION_STATUS, APPLICATION_DATE, APPLICATION_ROUND, APPLICANT_RANK, OFFER_EXTENDED, OFFER_ACCEPTED) 
VALUES (50030, 40021, 30165, NULL, '1', to_date('9/20/2021', 'MM/DD/RRRR'), 2, 6, '', '');

INSERT INTO MAZ18012.JOB_REQ_APPLICATIONS (JOB_APPLICATION_ID, JOB_REQ_ID, APPLICANT_ID, APPLICANT_REQUESTED_SALARY, APPLICATION_STATUS, APPLICATION_DATE, APPLICATION_ROUND, APPLICANT_RANK, OFFER_EXTENDED, OFFER_ACCEPTED) 
VALUES (50113, 40009, 30008, NULL, '0', to_date('12/5/2020', 'MM/DD/RRRR'), 1, 11, '', '');

INSERT INTO MAZ18012.JOB_REQ_APPLICATIONS (JOB_APPLICATION_ID, JOB_REQ_ID, APPLICANT_ID, APPLICANT_REQUESTED_SALARY, APPLICATION_STATUS, APPLICATION_DATE, APPLICATION_ROUND, APPLICANT_RANK, OFFER_EXTENDED, OFFER_ACCEPTED) 
VALUES (50133, 40003, 30012, NULL, '0', to_date('12/8/2020', 'MM/DD/RRRR'), 1, 6, '', '');

INSERT INTO MAZ18012.JOB_REQ_APPLICATIONS (JOB_APPLICATION_ID, JOB_REQ_ID, APPLICANT_ID, APPLICANT_REQUESTED_SALARY, APPLICATION_STATUS, APPLICATION_DATE, APPLICATION_ROUND, APPLICANT_RANK, OFFER_EXTENDED, OFFER_ACCEPTED) 
VALUES (50171, 40002, 30116, NULL, '1', to_date('6/3/2021', 'MM/DD/RRRR'), 2, 4, '', '');

INSERT INTO MAZ18012.JOB_REQ_APPLICATIONS (JOB_APPLICATION_ID, JOB_REQ_ID, APPLICANT_ID, APPLICANT_REQUESTED_SALARY, APPLICATION_STATUS, APPLICATION_DATE, APPLICATION_ROUND, APPLICANT_RANK, OFFER_EXTENDED, OFFER_ACCEPTED) 
VALUES (50143, 40027, 30067, NULL, '0', to_date('3/22/2021', 'MM/DD/RRRR'), 1, 2, '', '');

INSERT INTO MAZ18012.JOB_REQ_APPLICATIONS (JOB_APPLICATION_ID, JOB_REQ_ID, APPLICANT_ID, APPLICANT_REQUESTED_SALARY, APPLICATION_STATUS, APPLICATION_DATE, APPLICATION_ROUND, APPLICANT_RANK, OFFER_EXTENDED, OFFER_ACCEPTED) 
VALUES (50063, 40010, 30133, NULL, '1', to_date('7/5/2021', 'MM/DD/RRRR'), 1, 9, '', '');

INSERT INTO MAZ18012.JOB_REQ_APPLICATIONS (JOB_APPLICATION_ID, JOB_REQ_ID, APPLICANT_ID, APPLICANT_REQUESTED_SALARY, APPLICATION_STATUS, APPLICATION_DATE, APPLICATION_ROUND, APPLICANT_RANK, OFFER_EXTENDED, OFFER_ACCEPTED) 
VALUES (50121, 40027, 30146, NULL, '0', to_date('8/6/2021', 'MM/DD/RRRR'), 1, 3, '', '');

INSERT INTO MAZ18012.JOB_REQ_APPLICATIONS (JOB_APPLICATION_ID, JOB_REQ_ID, APPLICANT_ID, APPLICANT_REQUESTED_SALARY, APPLICATION_STATUS, APPLICATION_DATE, APPLICATION_ROUND, APPLICANT_RANK, OFFER_EXTENDED, OFFER_ACCEPTED) 
VALUES (50067, 40023, 30149, NULL, '0', to_date('8/13/2021', 'MM/DD/RRRR'), 1, 7, '', '');

INSERT INTO MAZ18012.JOB_REQ_APPLICATIONS (JOB_APPLICATION_ID, JOB_REQ_ID, APPLICANT_ID, APPLICANT_REQUESTED_SALARY, APPLICATION_STATUS, APPLICATION_DATE, APPLICATION_ROUND, APPLICANT_RANK, OFFER_EXTENDED, OFFER_ACCEPTED) 
VALUES (50032, 40029, 30190, NULL, '1', to_date('11/5/2021', 'MM/DD/RRRR'), 3, 3, '', '');

INSERT INTO MAZ18012.JOB_REQ_APPLICATIONS (JOB_APPLICATION_ID, JOB_REQ_ID, APPLICANT_ID, APPLICANT_REQUESTED_SALARY, APPLICATION_STATUS, APPLICATION_DATE, APPLICATION_ROUND, APPLICANT_RANK, OFFER_EXTENDED, OFFER_ACCEPTED) 
VALUES (50162, 40029, 30079, NULL, '1', to_date('4/11/2021', 'MM/DD/RRRR'), 2, 4, '', '');

INSERT INTO MAZ18012.JOB_REQ_APPLICATIONS (JOB_APPLICATION_ID, JOB_REQ_ID, APPLICANT_ID, APPLICANT_REQUESTED_SALARY, APPLICATION_STATUS, APPLICATION_DATE, APPLICATION_ROUND, APPLICANT_RANK, OFFER_EXTENDED, OFFER_ACCEPTED) 
VALUES (50039, 40006, 30092, NULL, '1', to_date('5/2/2021', 'MM/DD/RRRR'), 1, 4, '', '');

INSERT INTO MAZ18012.JOB_REQ_APPLICATIONS (JOB_APPLICATION_ID, JOB_REQ_ID, APPLICANT_ID, APPLICANT_REQUESTED_SALARY, APPLICATION_STATUS, APPLICATION_DATE, APPLICATION_ROUND, APPLICANT_RANK, OFFER_EXTENDED, OFFER_ACCEPTED) 
VALUES (50018, 40025, 30030, NULL, '1', to_date('1/4/2021', 'MM/DD/RRRR'), 1, 5, '', '');

INSERT INTO MAZ18012.JOB_REQ_APPLICATIONS (JOB_APPLICATION_ID, JOB_REQ_ID, APPLICANT_ID, APPLICANT_REQUESTED_SALARY, APPLICATION_STATUS, APPLICATION_DATE, APPLICATION_ROUND, APPLICANT_RANK, OFFER_EXTENDED, OFFER_ACCEPTED) 
VALUES (50048, 40020, 30037, NULL, '0', to_date('1/17/2021', 'MM/DD/RRRR'), 1, 9, '', '');

INSERT INTO MAZ18012.JOB_REQ_APPLICATIONS (JOB_APPLICATION_ID, JOB_REQ_ID, APPLICANT_ID, APPLICANT_REQUESTED_SALARY, APPLICATION_STATUS, APPLICATION_DATE, APPLICATION_ROUND, APPLICANT_RANK, OFFER_EXTENDED, OFFER_ACCEPTED) 
VALUES (50071, 40001, 30039, NULL, '1', to_date('1/24/2021', 'MM/DD/RRRR'), 1, 7, '', '');

INSERT INTO MAZ18012.JOB_REQ_APPLICATIONS (JOB_APPLICATION_ID, JOB_REQ_ID, APPLICANT_ID, APPLICANT_REQUESTED_SALARY, APPLICATION_STATUS, APPLICATION_DATE, APPLICATION_ROUND, APPLICANT_RANK, OFFER_EXTENDED, OFFER_ACCEPTED) 
VALUES (50056, 40004, 30128, NULL, '1', to_date('6/29/2021', 'MM/DD/RRRR'), 1, 6, '', '');

INSERT INTO MAZ18012.JOB_REQ_APPLICATIONS (JOB_APPLICATION_ID, JOB_REQ_ID, APPLICANT_ID, APPLICANT_REQUESTED_SALARY, APPLICATION_STATUS, APPLICATION_DATE, APPLICATION_ROUND, APPLICANT_RANK, OFFER_EXTENDED, OFFER_ACCEPTED) 
VALUES (50184, 40010, 30036, NULL, '0', to_date('1/16/2021', 'MM/DD/RRRR'), 1, 8, '', '');

INSERT INTO MAZ18012.JOB_REQ_APPLICATIONS (JOB_APPLICATION_ID, JOB_REQ_ID, APPLICANT_ID, APPLICANT_REQUESTED_SALARY, APPLICATION_STATUS, APPLICATION_DATE, APPLICATION_ROUND, APPLICANT_RANK, OFFER_EXTENDED, OFFER_ACCEPTED) 
VALUES (50027, 40020, 30098, NULL, '1', to_date('5/11/2021', 'MM/DD/RRRR'), 1, 10, '', '');

INSERT INTO MAZ18012.JOB_REQ_APPLICATIONS (JOB_APPLICATION_ID, JOB_REQ_ID, APPLICANT_ID, APPLICANT_REQUESTED_SALARY, APPLICATION_STATUS, APPLICATION_DATE, APPLICATION_ROUND, APPLICANT_RANK, OFFER_EXTENDED, OFFER_ACCEPTED) 
VALUES (50137, 40028, 30177, NULL, '0', to_date('10/8/2021', 'MM/DD/RRRR'), 2, 6, '', '');

INSERT INTO MAZ18012.JOB_REQ_APPLICATIONS (JOB_APPLICATION_ID, JOB_REQ_ID, APPLICANT_ID, APPLICANT_REQUESTED_SALARY, APPLICATION_STATUS, APPLICATION_DATE, APPLICATION_ROUND, APPLICANT_RANK, OFFER_EXTENDED, OFFER_ACCEPTED) 
VALUES (50065, 40011, 30055, NULL, '0', to_date('2/24/2021', 'MM/DD/RRRR'), 1, 7, '', '');

INSERT INTO MAZ18012.JOB_REQ_APPLICATIONS (JOB_APPLICATION_ID, JOB_REQ_ID, APPLICANT_ID, APPLICANT_REQUESTED_SALARY, APPLICATION_STATUS, APPLICATION_DATE, APPLICATION_ROUND, APPLICANT_RANK, OFFER_EXTENDED, OFFER_ACCEPTED) 
VALUES (50042, 40025, 30090, NULL, '0', to_date('5/1/2021', 'MM/DD/RRRR'), 1, 6, '', '');

INSERT INTO MAZ18012.JOB_REQ_APPLICATIONS (JOB_APPLICATION_ID, JOB_REQ_ID, APPLICANT_ID, APPLICANT_REQUESTED_SALARY, APPLICATION_STATUS, APPLICATION_DATE, APPLICATION_ROUND, APPLICANT_RANK, OFFER_EXTENDED, OFFER_ACCEPTED) 
VALUES (50011, 40010, 30109, NULL, '0', to_date('5/25/2021', 'MM/DD/RRRR'), 1, 7, '', '');

INSERT INTO MAZ18012.JOB_REQ_APPLICATIONS (JOB_APPLICATION_ID, JOB_REQ_ID, APPLICANT_ID, APPLICANT_REQUESTED_SALARY, APPLICATION_STATUS, APPLICATION_DATE, APPLICATION_ROUND, APPLICANT_RANK, OFFER_EXTENDED, OFFER_ACCEPTED) 
VALUES (50142, 40029, 30063, NULL, '0', to_date('3/18/2021', 'MM/DD/RRRR'), 1, 5, '', '');

INSERT INTO MAZ18012.JOB_REQ_APPLICATIONS (JOB_APPLICATION_ID, JOB_REQ_ID, APPLICANT_ID, APPLICANT_REQUESTED_SALARY, APPLICATION_STATUS, APPLICATION_DATE, APPLICATION_ROUND, APPLICANT_RANK, OFFER_EXTENDED, OFFER_ACCEPTED) 
VALUES (50166, 40029, 30151, NULL, '0', to_date('8/20/2021', 'MM/DD/RRRR'), 1, 6, '', '');

INSERT INTO MAZ18012.JOB_REQ_APPLICATIONS (JOB_APPLICATION_ID, JOB_REQ_ID, APPLICANT_ID, APPLICANT_REQUESTED_SALARY, APPLICATION_STATUS, APPLICATION_DATE, APPLICATION_ROUND, APPLICANT_RANK, OFFER_EXTENDED, OFFER_ACCEPTED) 
VALUES (50041, 40021, 30140, NULL, '0', to_date('7/21/2021', 'MM/DD/RRRR'), 1, 7, '', '');

INSERT INTO MAZ18012.JOB_REQ_APPLICATIONS (JOB_APPLICATION_ID, JOB_REQ_ID, APPLICANT_ID, APPLICANT_REQUESTED_SALARY, APPLICATION_STATUS, APPLICATION_DATE, APPLICATION_ROUND, APPLICANT_RANK, OFFER_EXTENDED, OFFER_ACCEPTED) 
VALUES (50131, 40015, 30121, NULL, '0', to_date('6/12/2021', 'MM/DD/RRRR'), 1, 13, '', '');

INSERT INTO MAZ18012.JOB_REQ_APPLICATIONS (JOB_APPLICATION_ID, JOB_REQ_ID, APPLICANT_ID, APPLICANT_REQUESTED_SALARY, APPLICATION_STATUS, APPLICATION_DATE, APPLICATION_ROUND, APPLICANT_RANK, OFFER_EXTENDED, OFFER_ACCEPTED) 
VALUES (50092, 40011, 30033, NULL, '0', to_date('1/13/2021', 'MM/DD/RRRR'), 1, 6, '', '');

INSERT INTO MAZ18012.JOB_REQ_APPLICATIONS (JOB_APPLICATION_ID, JOB_REQ_ID, APPLICANT_ID, APPLICANT_REQUESTED_SALARY, APPLICATION_STATUS, APPLICATION_DATE, APPLICATION_ROUND, APPLICANT_RANK, OFFER_EXTENDED, OFFER_ACCEPTED) 
VALUES (50168, 40030, 30139, NULL, '0', to_date('7/20/2021', 'MM/DD/RRRR'), 1, 5, '', '');

INSERT INTO MAZ18012.JOB_REQ_APPLICATIONS (JOB_APPLICATION_ID, JOB_REQ_ID, APPLICANT_ID, APPLICANT_REQUESTED_SALARY, APPLICATION_STATUS, APPLICATION_DATE, APPLICATION_ROUND, APPLICANT_RANK, OFFER_EXTENDED, OFFER_ACCEPTED) 
VALUES (50087, 40015, 30166, NULL, '0', to_date('9/23/2021', 'MM/DD/RRRR'), 1, 14, '', '');

INSERT INTO MAZ18012.JOB_REQ_APPLICATIONS (JOB_APPLICATION_ID, JOB_REQ_ID, APPLICANT_ID, APPLICANT_REQUESTED_SALARY, APPLICATION_STATUS, APPLICATION_DATE, APPLICATION_ROUND, APPLICANT_RANK, OFFER_EXTENDED, OFFER_ACCEPTED) 
VALUES (50059, 40027, 30148, NULL, '0', to_date('8/10/2021', 'MM/DD/RRRR'), 1, 4, '', '');

INSERT INTO MAZ18012.JOB_REQ_APPLICATIONS (JOB_APPLICATION_ID, JOB_REQ_ID, APPLICANT_ID, APPLICANT_REQUESTED_SALARY, APPLICATION_STATUS, APPLICATION_DATE, APPLICATION_ROUND, APPLICANT_RANK, OFFER_EXTENDED, OFFER_ACCEPTED) 
VALUES (50181, 40002, 30189, NULL, '1', to_date('11/1/2021', 'MM/DD/RRRR'), 2, 5, '', '');

INSERT INTO MAZ18012.JOB_REQ_APPLICATIONS (JOB_APPLICATION_ID, JOB_REQ_ID, APPLICANT_ID, APPLICANT_REQUESTED_SALARY, APPLICATION_STATUS, APPLICATION_DATE, APPLICATION_ROUND, APPLICANT_RANK, OFFER_EXTENDED, OFFER_ACCEPTED) 
VALUES (50007, 40015, 30172, NULL, '1', to_date('10/5/2021', 'MM/DD/RRRR'), 1, 15, '', '');

INSERT INTO MAZ18012.JOB_REQ_APPLICATIONS (JOB_APPLICATION_ID, JOB_REQ_ID, APPLICANT_ID, APPLICANT_REQUESTED_SALARY, APPLICATION_STATUS, APPLICATION_DATE, APPLICATION_ROUND, APPLICANT_RANK, OFFER_EXTENDED, OFFER_ACCEPTED) 
VALUES (50060, 40005, 30196, NULL, '0', to_date('11/12/2021', 'MM/DD/RRRR'), 2, 4, '', '');

INSERT INTO MAZ18012.JOB_REQ_APPLICATIONS (JOB_APPLICATION_ID, JOB_REQ_ID, APPLICANT_ID, APPLICANT_REQUESTED_SALARY, APPLICATION_STATUS, APPLICATION_DATE, APPLICATION_ROUND, APPLICANT_RANK, OFFER_EXTENDED, OFFER_ACCEPTED) 
VALUES (50129, 40018, 30174, NULL, '0', to_date('10/5/2021', 'MM/DD/RRRR'), 3, 1, '', '');

INSERT INTO MAZ18012.JOB_REQ_APPLICATIONS (JOB_APPLICATION_ID, JOB_REQ_ID, APPLICANT_ID, APPLICANT_REQUESTED_SALARY, APPLICATION_STATUS, APPLICATION_DATE, APPLICATION_ROUND, APPLICANT_RANK, OFFER_EXTENDED, OFFER_ACCEPTED) 
VALUES (50123, 40022, 30024, NULL, '0', to_date('12/23/2020', 'MM/DD/RRRR'), 1, 5, '', '');

INSERT INTO MAZ18012.JOB_REQ_APPLICATIONS (JOB_APPLICATION_ID, JOB_REQ_ID, APPLICANT_ID, APPLICANT_REQUESTED_SALARY, APPLICATION_STATUS, APPLICATION_DATE, APPLICATION_ROUND, APPLICANT_RANK, OFFER_EXTENDED, OFFER_ACCEPTED) 
VALUES (50034, 40025, 30153, NULL, '1', to_date('8/24/2021', 'MM/DD/RRRR'), 1, 7, '', '');

INSERT INTO MAZ18012.JOB_REQ_APPLICATIONS (JOB_APPLICATION_ID, JOB_REQ_ID, APPLICANT_ID, APPLICANT_REQUESTED_SALARY, APPLICATION_STATUS, APPLICATION_DATE, APPLICATION_ROUND, APPLICANT_RANK, OFFER_EXTENDED, OFFER_ACCEPTED) 
VALUES (50117, 40028, 30015, NULL, '0', to_date('12/12/2020', 'MM/DD/RRRR'), 1, 7, '', '');

INSERT INTO MAZ18012.JOB_REQ_APPLICATIONS (JOB_APPLICATION_ID, JOB_REQ_ID, APPLICANT_ID, APPLICANT_REQUESTED_SALARY, APPLICATION_STATUS, APPLICATION_DATE, APPLICATION_ROUND, APPLICANT_RANK, OFFER_EXTENDED, OFFER_ACCEPTED) 
VALUES (50154, 40025, 30176, NULL, '1', to_date('10/5/2021', 'MM/DD/RRRR'), 1, 8, '', '');

INSERT INTO MAZ18012.JOB_REQ_APPLICATIONS (JOB_APPLICATION_ID, JOB_REQ_ID, APPLICANT_ID, APPLICANT_REQUESTED_SALARY, APPLICATION_STATUS, APPLICATION_DATE, APPLICATION_ROUND, APPLICANT_RANK, OFFER_EXTENDED, OFFER_ACCEPTED) 
VALUES (50158, 40016, 30179, NULL, '0', to_date('10/12/2021', 'MM/DD/RRRR'), 1, 7, '', '');

INSERT INTO MAZ18012.JOB_REQ_APPLICATIONS (JOB_APPLICATION_ID, JOB_REQ_ID, APPLICANT_ID, APPLICANT_REQUESTED_SALARY, APPLICATION_STATUS, APPLICATION_DATE, APPLICATION_ROUND, APPLICANT_RANK, OFFER_EXTENDED, OFFER_ACCEPTED) 
VALUES (50199, 40003, 30066, NULL, '0', to_date('3/20/2021', 'MM/DD/RRRR'), 1, 7, '', '');

INSERT INTO MAZ18012.JOB_REQ_APPLICATIONS (JOB_APPLICATION_ID, JOB_REQ_ID, APPLICANT_ID, APPLICANT_REQUESTED_SALARY, APPLICATION_STATUS, APPLICATION_DATE, APPLICATION_ROUND, APPLICANT_RANK, OFFER_EXTENDED, OFFER_ACCEPTED) 
VALUES (50047, 40026, 30100, NULL, '0', to_date('5/13/2021', 'MM/DD/RRRR'), 1, 4, '', '');

INSERT INTO MAZ18012.JOB_REQ_APPLICATIONS (JOB_APPLICATION_ID, JOB_REQ_ID, APPLICANT_ID, APPLICANT_REQUESTED_SALARY, APPLICATION_STATUS, APPLICATION_DATE, APPLICATION_ROUND, APPLICANT_RANK, OFFER_EXTENDED, OFFER_ACCEPTED) 
VALUES (50151, 40011, 30010, NULL, '0', to_date('12/8/2020', 'MM/DD/RRRR'), 1, 5, '', '');

INSERT INTO MAZ18012.JOB_REQ_APPLICATIONS (JOB_APPLICATION_ID, JOB_REQ_ID, APPLICANT_ID, APPLICANT_REQUESTED_SALARY, APPLICATION_STATUS, APPLICATION_DATE, APPLICATION_ROUND, APPLICANT_RANK, OFFER_EXTENDED, OFFER_ACCEPTED) 
VALUES (50077, 40008, 30160, NULL, '0', to_date('9/9/2021', 'MM/DD/RRRR'), 1, 4, '', '');

INSERT INTO MAZ18012.JOB_REQ_APPLICATIONS (JOB_APPLICATION_ID, JOB_REQ_ID, APPLICANT_ID, APPLICANT_REQUESTED_SALARY, APPLICATION_STATUS, APPLICATION_DATE, APPLICATION_ROUND, APPLICANT_RANK, OFFER_EXTENDED, OFFER_ACCEPTED) 
VALUES (50035, 40029, 30163, NULL, '0', to_date('9/16/2021', 'MM/DD/RRRR'), 1, 7, '', '');

INSERT INTO MAZ18012.JOB_REQ_APPLICATIONS (JOB_APPLICATION_ID, JOB_REQ_ID, APPLICANT_ID, APPLICANT_REQUESTED_SALARY, APPLICATION_STATUS, APPLICATION_DATE, APPLICATION_ROUND, APPLICANT_RANK, OFFER_EXTENDED, OFFER_ACCEPTED) 
VALUES (50160, 40017, 30048, NULL, '0', to_date('2/9/2021', 'MM/DD/RRRR'), 1, 5, '', '');

INSERT INTO MAZ18012.JOB_REQ_APPLICATIONS (JOB_APPLICATION_ID, JOB_REQ_ID, APPLICANT_ID, APPLICANT_REQUESTED_SALARY, APPLICATION_STATUS, APPLICATION_DATE, APPLICATION_ROUND, APPLICANT_RANK, OFFER_EXTENDED, OFFER_ACCEPTED) 
VALUES (50187, 40012, 30020, NULL, '0', to_date('12/19/2020', 'MM/DD/RRRR'), 1, 4, '', '');

INSERT INTO MAZ18012.JOB_REQ_APPLICATIONS (JOB_APPLICATION_ID, JOB_REQ_ID, APPLICANT_ID, APPLICANT_REQUESTED_SALARY, APPLICATION_STATUS, APPLICATION_DATE, APPLICATION_ROUND, APPLICANT_RANK, OFFER_EXTENDED, OFFER_ACCEPTED) 
VALUES (50014, 40021, 30187, NULL, '0', to_date('11/1/2021', 'MM/DD/RRRR'), 1, 8, '', '');

INSERT INTO MAZ18012.JOB_REQ_APPLICATIONS (JOB_APPLICATION_ID, JOB_REQ_ID, APPLICANT_ID, APPLICANT_REQUESTED_SALARY, APPLICATION_STATUS, APPLICATION_DATE, APPLICATION_ROUND, APPLICANT_RANK, OFFER_EXTENDED, OFFER_ACCEPTED) 
VALUES (50022, 40027, 30188, NULL, '0', to_date('11/1/2021', 'MM/DD/RRRR'), 1, 5, '', '');

INSERT INTO MAZ18012.JOB_REQ_APPLICATIONS (JOB_APPLICATION_ID, JOB_REQ_ID, APPLICANT_ID, APPLICANT_REQUESTED_SALARY, APPLICATION_STATUS, APPLICATION_DATE, APPLICATION_ROUND, APPLICANT_RANK, OFFER_EXTENDED, OFFER_ACCEPTED) 
VALUES (50152, 40002, 30171, NULL, '0', to_date('10/3/2021', 'MM/DD/RRRR'), 1, 6, '', '');

INSERT INTO MAZ18012.JOB_REQ_APPLICATIONS (JOB_APPLICATION_ID, JOB_REQ_ID, APPLICANT_ID, APPLICANT_REQUESTED_SALARY, APPLICATION_STATUS, APPLICATION_DATE, APPLICATION_ROUND, APPLICANT_RANK, OFFER_EXTENDED, OFFER_ACCEPTED) 
VALUES (50144, 40029, 30184, NULL, '1', to_date('10/24/2021', 'MM/DD/RRRR'), 1, 8, '', '');

INSERT INTO MAZ18012.JOB_REQ_APPLICATIONS (JOB_APPLICATION_ID, JOB_REQ_ID, APPLICANT_ID, APPLICANT_REQUESTED_SALARY, APPLICATION_STATUS, APPLICATION_DATE, APPLICATION_ROUND, APPLICANT_RANK, OFFER_EXTENDED, OFFER_ACCEPTED) 
VALUES (50177, 40007, 30191, NULL, '0', to_date('11/5/2021', 'MM/DD/RRRR'), 1, 5, '', '');

INSERT INTO MAZ18012.JOB_REQ_APPLICATIONS (JOB_APPLICATION_ID, JOB_REQ_ID, APPLICANT_ID, APPLICANT_REQUESTED_SALARY, APPLICATION_STATUS, APPLICATION_DATE, APPLICATION_ROUND, APPLICANT_RANK, OFFER_EXTENDED, OFFER_ACCEPTED) 
VALUES (50135, 40020, 30125, NULL, '0', to_date('6/21/2021', 'MM/DD/RRRR'), 1, 11, '', '');

INSERT INTO MAZ18012.JOB_REQ_APPLICATIONS (JOB_APPLICATION_ID, JOB_REQ_ID, APPLICANT_ID, APPLICANT_REQUESTED_SALARY, APPLICATION_STATUS, APPLICATION_DATE, APPLICATION_ROUND, APPLICANT_RANK, OFFER_EXTENDED, OFFER_ACCEPTED) 
VALUES (50051, 40026, 30122, NULL, '0', to_date('6/14/2021', 'MM/DD/RRRR'), 1, 5, '', '');

INSERT INTO MAZ18012.JOB_REQ_APPLICATIONS (JOB_APPLICATION_ID, JOB_REQ_ID, APPLICANT_ID, APPLICANT_REQUESTED_SALARY, APPLICATION_STATUS, APPLICATION_DATE, APPLICATION_ROUND, APPLICANT_RANK, OFFER_EXTENDED, OFFER_ACCEPTED) 
VALUES (50015, 40001, 30194, NULL, '1', to_date('11/10/2021', 'MM/DD/RRRR'), 1, 8, '', '');

INSERT INTO MAZ18012.JOB_REQ_APPLICATIONS (JOB_APPLICATION_ID, JOB_REQ_ID, APPLICANT_ID, APPLICANT_REQUESTED_SALARY, APPLICATION_STATUS, APPLICATION_DATE, APPLICATION_ROUND, APPLICANT_RANK, OFFER_EXTENDED, OFFER_ACCEPTED) 
VALUES (50086, 40028, 30043, NULL, '0', to_date('1/30/2021', 'MM/DD/RRRR'), 1, 8, '', '');

INSERT INTO MAZ18012.JOB_REQ_APPLICATIONS (JOB_APPLICATION_ID, JOB_REQ_ID, APPLICANT_ID, APPLICANT_REQUESTED_SALARY, APPLICATION_STATUS, APPLICATION_DATE, APPLICATION_ROUND, APPLICANT_RANK, OFFER_EXTENDED, OFFER_ACCEPTED) 
VALUES (50006, 40005, 30016, NULL, '0', to_date('12/12/2020', 'MM/DD/RRRR'), 1, 5, '', '');

INSERT INTO MAZ18012.JOB_REQ_APPLICATIONS (JOB_APPLICATION_ID, JOB_REQ_ID, APPLICANT_ID, APPLICANT_REQUESTED_SALARY, APPLICATION_STATUS, APPLICATION_DATE, APPLICATION_ROUND, APPLICANT_RANK, OFFER_EXTENDED, OFFER_ACCEPTED) 
VALUES (50122, 40008, 30103, NULL, '0', to_date('5/15/2021', 'MM/DD/RRRR'), 1, 3, '', '');

INSERT INTO MAZ18012.JOB_REQ_APPLICATIONS (JOB_APPLICATION_ID, JOB_REQ_ID, APPLICANT_ID, APPLICANT_REQUESTED_SALARY, APPLICATION_STATUS, APPLICATION_DATE, APPLICATION_ROUND, APPLICANT_RANK, OFFER_EXTENDED, OFFER_ACCEPTED) 
VALUES (50036, 40006, 30198, NULL, '0', to_date('11/14/2021', 'MM/DD/RRRR'), 1, 5, '', '');

INSERT INTO MAZ18012.JOB_REQ_APPLICATIONS (JOB_APPLICATION_ID, JOB_REQ_ID, APPLICANT_ID, APPLICANT_REQUESTED_SALARY, APPLICATION_STATUS, APPLICATION_DATE, APPLICATION_ROUND, APPLICANT_RANK, OFFER_EXTENDED, OFFER_ACCEPTED) 
VALUES (50167, 40015, 30199, NULL, '1', to_date('11/16/2021', 'MM/DD/RRRR'), 1, 16, '', '');

INSERT INTO MAZ18012.JOB_REQ_APPLICATIONS (JOB_APPLICATION_ID, JOB_REQ_ID, APPLICANT_ID, APPLICANT_REQUESTED_SALARY, APPLICATION_STATUS, APPLICATION_DATE, APPLICATION_ROUND, APPLICANT_RANK, OFFER_EXTENDED, OFFER_ACCEPTED) 
VALUES (50172, 40017, 30200, NULL, '1', to_date('11/20/2021', 'MM/DD/RRRR'), 1, 6, '', '');





------ Associate Requested Salary Update
UPDATE
    MAZ18012.job_req_applications
SET
    MAZ18012.job_req_applications.applicant_requested_salary 
        = trunc(DBMS_RANDOM.value(40,55), 0)*1000
WHERE job_req_id in (SELECT job_req_id  
                    FROM MAZ18012.job_req
                    WHERE maz18012.job_req.position_level = 'Associate');         
                    
------ Intermediate Requested Salary Update
UPDATE
    MAZ18012.job_req_applications
SET
    MAZ18012.job_req_applications.applicant_requested_salary 
        = trunc(DBMS_RANDOM.value(65,95), 0)*1000
WHERE job_req_id in (SELECT job_req_id  
                    FROM MAZ18012.job_req
                    WHERE maz18012.job_req.position_level = 'Intermediate');    
                    
------ Senior Requested Salary Update
UPDATE
    MAZ18012.job_req_applications
SET
    MAZ18012.job_req_applications.applicant_requested_salary 
        = trunc(DBMS_RANDOM.value(100,125), 0)*1000
WHERE job_req_id in (SELECT job_req_id  
                    FROM MAZ18012.job_req
                    WHERE maz18012.job_req.position_level = 'Senior');     

------ Set some of them back to null, 1/4th of them in this case.
UPDATE
    MAZ18012.job_req_applications
SET
    MAZ18012.job_req_applications.applicant_requested_salary 
        = null
WHERE (ROWID,0) IN (SELECT ROWID, MOD(ROWNUM,4)
                     FROM   MAZ18012.job_req_applications);


--commit;

